Date,Date,Artist,Track,0
2012-11,2012-11-20,Jefferson Airplane,Jefferson Airplane - White Rabbit,7
2012-11,2012-11-29,Jefferson Airplane,Jefferson Airplane - White Rabbit,5
2012-11,2012-11-26,Jefferson Airplane,Jefferson Airplane - White Rabbit,4
2012-11,2012-11-28,Alice in Chains,Alice in Chains - Grind,4
2012-11,2012-11-20,Type O Negative,Type O Negative - Black No. 1,4
2012-11,2012-11-27,Metallica,Metallica - All Within My Hands,4
2012-11,2012-11-22,Alice in Chains,Alice in Chains - Grind,4
2012-11,2012-11-22,Alice in Chains,Alice in Chains - Heaven Beside You,4
2012-11,2012-11-27,Alice in Chains,Alice in Chains - Heaven Beside You,4
2012-11,2012-11-27,Alice in Chains,Alice in Chains - Grind,4
2012-12,2012-12-24,Frankie Goes to Hollywood,Frankie Goes to Hollywood - The Power of Love,15
2012-12,2012-12-14,Paweł Kukiz,Paweł Kukiz - Old Punk,13
2012-12,2012-12-14,Blur,Blur - Girls & Boys,12
2012-12,2012-12-23,Marek i Wacek,Marek i Wacek - Bolero,12
2012-12,2012-12-10,Seal,Seal - Kiss From A Rose-mp3xplosion,11
2012-12,2012-12-08,Soulfly,Soulfly - Son Song,10
2012-12,2012-12-12,Blur,Blur - Girls & Boys,9
2012-12,2012-12-31,Soulfly,Soulfly - Innerspirit,9
2012-12,2012-12-05,London Symphony Orchestra/André Previn,London Symphony Orchestra/André Previn - Holst: The Planets - Suite H125 (Op. 32): Mars the Bringer of War,8
2012-12,2012-12-04,London Symphony Orchestra/André Previn,London Symphony Orchestra/André Previn - Holst: The Planets - Suite H125 (Op. 32): Mars the Bringer of War,8
2013-01,2013-01-11,Blind Guardian,Blind Guardian - In A Gadda Da Vida,11
2013-01,2013-01-29,Dave Edmunds,Dave Edmunds - Sabre Dance (Love Sculpture),11
2013-01,2013-01-24,System of a Down,System of a Down - Sugar,10
2013-01,2013-01-16,Rammstein,Rammstein - Mutter,10
2013-01,2013-01-07,Blind Guardian,Blind Guardian - In A Gadda Da Vida,10
2013-01,2013-01-26,Metallica,Metallica - The Day That Never Comes,9
2013-01,2013-01-31,Franck Pourcel,Franck Pourcel - Ravel: Bolero,9
2013-01,2013-01-07,Blind Guardian,Blind Guardian - Mister Sandman,8
2013-01,2013-01-15,Rammstein,Rammstein - Mutter,8
2013-01,2013-01-10,N-Trance Feat. Rod Stuart,N-Trance Feat. Rod Stuart - Da Ya Think I'm Sexy,7
2013-02,2013-02-13,Scars on Broadway,Scars on Broadway - They Say,12
2013-02,2013-02-01,Blind Guardian,Blind Guardian - Mirror Mirror,9
2013-02,2013-02-12,Dave Edmunds,Dave Edmunds - Sabre Dance (Love Sculpture),9
2013-02,2013-02-14,Daft Punk,Daft Punk - Harder Better Faster Stronger,8
2013-02,2013-02-08,Steve Vai,Steve Vai - Bad Horsie,8
2013-02,2013-02-14,Scars on Broadway,Scars on Broadway - They Say,8
2013-02,2013-02-14,Daft Punk,Daft Punk - Robot Rock,8
2013-02,2013-02-13,John Legend,John Legend - Who Did That to You?,7
2013-02,2013-02-20,Gigi D'Agostino,Gigi D'Agostino - The Riddle (Single Cut),7
2013-02,2013-02-14,John Legend,John Legend - Who Did That to You?,7
2013-03,2013-03-21,The Sugarhill Gang,The Sugarhill Gang - Apache,30
2013-03,2013-03-20,Soundgarden,Soundgarden - By Crooked Steps,23
2013-03,2013-03-19,Soundgarden,Soundgarden - By Crooked Steps,21
2013-03,2013-03-22,The Sugarhill Gang,The Sugarhill Gang - Apache,19
2013-03,2013-03-26,Sztywny Pal Azji,Sztywny Pal Azji - Kurort,18
2013-03,2013-03-29,Apocalyptica,Apocalyptica - Hall Of The Mountain King - Instrumental Version,11
2013-03,2013-03-28,Apocalyptica,Apocalyptica - Hall Of The Mountain King - Instrumental Version,10
2013-03,2013-03-31,Apocalyptica,Apocalyptica - Hall Of The Mountain King - Instrumental Version,8
2013-03,2013-03-27,Apocalyptica,Apocalyptica - Hall Of The Mountain King - Instrumental Version,8
2013-03,2013-03-21,Soundgarden,Soundgarden - By Crooked Steps,7
2013-04,2013-04-11,Led Zeppelin,Led Zeppelin - Babe I'm Gonna Leave You,16
2013-04,2013-04-26,Led Zeppelin,Led Zeppelin - Four Sticks,10
2013-04,2013-04-26,Led Zeppelin,Led Zeppelin - Led Zeppelin - Babe I'm Gonna,10
2013-04,2013-04-26,Rammstein,Rammstein - Te quiero puta!,9
2013-04,2013-04-11,Led Zeppelin,Led Zeppelin - What Is and What Should Never Be,8
2013-04,2013-04-11,Led Zeppelin,Led Zeppelin - The Lemon Song,8
2013-04,2013-04-11,Led Zeppelin,Led Zeppelin - Thank You,8
2013-04,2013-04-11,Led Zeppelin,Led Zeppelin - Ramble On,7
2013-04,2013-04-13,Led Zeppelin,Led Zeppelin - When the Levee Breaks,7
2013-04,2013-04-11,Led Zeppelin,Led Zeppelin - Living Loving Maid (She's Just a Woman),7
2013-05,2013-05-18,Liquido,Liquido - Narcotic - Radio Edit,12
2013-05,2013-05-07,Hans Fagius,Hans Fagius - Suite Gothique pour Grande Orgue Op. 25: IV. Toccata,10
2013-05,2013-05-17,Liquido,Liquido - Narcotic - Radio Edit,10
2013-05,2013-05-04,Rammstein,Rammstein - Te quiero puta!,7
2013-05,2013-05-11,Daft Punk,Daft Punk - Robot Rock,6
2013-05,2013-05-05,Camerata Antonio Lucio,Camerata Antonio Lucio - Le quattro stagioni (The Four Seasons) Op. 8 - Concerto No. 2 in G Minor RV 315 L'estate (Summer): III. Presto,6
2013-05,2013-05-25,Liquido,Liquido - Narcotic - Radio Edit,5
2013-05,2013-05-05,Melbourne Symphony Orchestra,Melbourne Symphony Orchestra - The Planets Op. 32: I. Mars the Bringer of War,5
2013-05,2013-05-19,Hans Fagius,Hans Fagius - Suite Gothique pour Grande Orgue Op. 25: IV. Toccata,5
2013-05,2013-05-25,Depeche Mode,Depeche Mode - Personal Jesus - Single Version;2006 Digital Remaster,5
2013-06,2013-06-04,Slayer,Slayer - Divine Intervention,9
2013-06,2013-06-01,Kylesa,Kylesa - Long Gone,7
2013-06,2013-06-09,Khachaturian,Khachaturian - Sabre Dance,7
2013-06,2013-06-03,Slayer,Slayer - Divine Intervention,6
2013-06,2013-06-07,Khachaturian,Khachaturian - Sabre Dance,6
2013-06,2013-06-01,Kylesa,Kylesa - Unspoken,5
2013-06,2013-06-04,Slayer,Slayer - Circle Of Beliefs,5
2013-06,2013-06-16,Smash Mouth,Smash Mouth - Walkin' On The Sun,5
2013-06,2013-06-27,Kiss,Kiss - I Was Made for Lovin' You,4
2013-06,2013-06-01,Kylesa,Kylesa - Exhale,4
2013-07,2013-07-12,Inon Zur,Inon Zur - FOT 3 MT V6,9
2013-07,2013-07-16,Deep Purple,Deep Purple - The Well Dressed Guitar,7
2013-07,2013-07-15,Deep Purple,Deep Purple - The Well Dressed Guitar,7
2013-07,2013-07-14,Inon Zur,Inon Zur - FOT 3 MT V6,7
2013-07,2013-07-12,Klubbheads,Klubbheads - Hiphopping,6
2013-07,2013-07-28,Inon Zur,Inon Zur - FOT 3 MT V6,6
2013-07,2013-07-27,Inon Zur,Inon Zur - FOT 3 MT V6,5
2013-07,2013-07-29,Inon Zur,Inon Zur - FOT 3 MT V6,5
2013-07,2013-07-05,Rammstein,Rammstein - Te quiero puta!,5
2013-07,2013-07-19,Deep Purple,Deep Purple - The Well Dressed Guitar,5
2013-08,2013-08-16,Animations,Animations - Morality Failed,12
2013-08,2013-08-02,Yngwie Malmsteen,Yngwie Malmsteen - Pyramid Of Cheops,12
2013-08,2013-08-04,Inon Zur,Inon Zur - FOT 3 MT V6,10
2013-08,2013-08-18,The Heavy,The Heavy - How You Like Me Now,9
2013-08,2013-08-04,Yngwie Malmsteen,Yngwie Malmsteen - Pyramid Of Cheops,7
2013-08,2013-08-08,Weezer,Weezer - Buddy Holly,7
2013-08,2013-08-19,Flogging Molly,Flogging Molly - Drunken Lullabies,6
2013-08,2013-08-15,Weezer,Weezer - Buddy Holly,5
2013-08,2013-08-20,Liquido,Liquido - Narcotic - Radio Edit,5
2013-08,2013-08-16,Animations,Animations - Silence,4
2013-09,2013-09-30,The Heavy,The Heavy - Short Change Hero,19
2013-09,2013-09-05,RiTa Pax,RiTa Pax - Brain,17
2013-09,2013-09-04,RiTa Pax,RiTa Pax - Brain,15
2013-09,2013-09-30,The Heavy,The Heavy - Sixteen,11
2013-09,2013-09-28,Status Quo,Status Quo - Caroline,8
2013-09,2013-09-11,Electric Light Orchestra,Electric Light Orchestra - Hold on Tight,7
2013-09,2013-09-25,Alice Cooper,Alice Cooper - School's Out,7
2013-09,2013-09-11,Electric Light Orchestra,Electric Light Orchestra - 21st Century Man,7
2013-09,2013-09-11,Electric Light Orchestra,Electric Light Orchestra - Epilogue,6
2013-09,2013-09-08,Mick Jagger,Mick Jagger - God Gave Me Everything,6
2013-10,2013-10-17,Iron Maiden,Iron Maiden - Strange World,17
2013-10,2013-10-12,Liquido,Liquido - Amie,12
2013-10,2013-10-28,London Philharmonic Orchestra,London Philharmonic Orchestra - Final Fantasy VIII - Liberi Fatali,12
2013-10,2013-10-16,Iron Maiden,Iron Maiden - Strange World,10
2013-10,2013-10-15,Knife Party,Knife Party - Sleaze (ft.Mistajam),9
2013-10,2013-10-13,Blind Guardian,Blind Guardian - Weird Dreams,8
2013-10,2013-10-17,Iron Maiden,Iron Maiden - Charlotte the Harlot,8
2013-10,2013-10-12,Liquido,Liquido - Narcotic [Long Version],8
2013-10,2013-10-14,Knife Party,Knife Party - Sleaze (ft.Mistajam),7
2013-10,2013-10-01,The Heavy,The Heavy - Short Change Hero,7
2013-11,2013-11-19,The Prodigy,The Prodigy - Climbatize,15
2013-11,2013-11-20,The Prodigy,The Prodigy - Climbatize,15
2013-11,2013-11-04,Hawkwind,Hawkwind - Silver Machine,9
2013-11,2013-11-15,The Prodigy,The Prodigy - Get Up Get Off,9
2013-11,2013-11-22,The Black Keys,The Black Keys - Lonely Boy,8
2013-11,2013-11-10,The Trashmen,The Trashmen - Surfin' Bird,8
2013-11,2013-11-05,Hawkwind,Hawkwind - Silver Machine,7
2013-11,2013-11-15,The Prodigy,The Prodigy - Voodoo People,7
2013-11,2013-11-05,Status Quo,Status Quo - Caroline,6
2013-11,2013-11-13,The Rolling Stones,The Rolling Stones - Gimme Shelter,6
2013-12,2013-12-20,Gorillaz,Gorillaz - Punk,9
2013-12,2013-12-04,Ramin Djawadi,Ramin Djawadi - Hannibal Chau,7
2013-12,2013-12-20,Gorillaz,Gorillaz - 19-2000,7
2013-12,2013-12-01,Ramin Djawadi,Ramin Djawadi - 2500 Tons of Awesome,6
2013-12,2013-12-04,Ramin Djawadi feat. Tom Morello,Ramin Djawadi feat. Tom Morello - Go Big or Go Extinct,6
2013-12,2013-12-30,Alan Silvestri,Alan Silvestri - It's Cursed That Gun - The Mexican/Soundtrack Version,6
2013-12,2013-12-03,Ramin Djawadi feat. Tom Morello,Ramin Djawadi feat. Tom Morello - Go Big or Go Extinct,6
2013-12,2013-12-29,Knife Party,Knife Party - Sleaze (ft.Mistajam),6
2013-12,2013-12-09,2Pac,2Pac - California Love (original version),6
2013-12,2013-12-01,Ramin Djawadi feat. Priscilla Ahn,Ramin Djawadi feat. Priscilla Ahn - Mako,5
2014-01,2014-01-12,Ramin Djawadi,Ramin Djawadi - The Breach,12
2014-01,2014-01-11,Ramin Djawadi,Ramin Djawadi - The Breach,9
2014-01,2014-01-27,Breed 77,Breed 77 - Zombie,9
2014-01,2014-01-11,Ramin Djawadi,Ramin Djawadi - Deep Beneath the Pacific,8
2014-01,2014-01-26,Ramin Djawadi,Ramin Djawadi - Deep Beneath the Pacific,8
2014-01,2014-01-26,Ramin Djawadi,Ramin Djawadi - The Breach,8
2014-01,2014-01-26,Ramin Djawadi feat. Tom Morello,Ramin Djawadi feat. Tom Morello - Go Big or Go Extinct,8
2014-01,2014-01-15,Ramin Djawadi,Ramin Djawadi - The Breach,7
2014-01,2014-01-15,Ramin Djawadi,Ramin Djawadi - We Need a New Weapon,6
2014-01,2014-01-11,Ramin Djawadi,Ramin Djawadi - We Need a New Weapon,6
2014-02,2014-02-08,Prince,Prince - Pretzelbodylogic,29
2014-02,2014-02-08,Donnie Darko,Donnie Darko - Mad World (Original),23
2014-02,2014-02-28,Ramin Djawadi,Ramin Djawadi - Deep Beneath the Pacific,13
2014-02,2014-02-08,Donnie Darko,Donnie Darko - Carpathian Ridge,11
2014-02,2014-02-09,Donnie Darko,Donnie Darko - Mad World (Original),11
2014-02,2014-02-01,T.Love,T.Love - Ajrisz,10
2014-02,2014-02-27,Ramin Djawadi,Ramin Djawadi - Deep Beneath the Pacific,9
2014-02,2014-02-07,Donnie Darko,Donnie Darko - Mad World,9
2014-02,2014-02-08,Movie Sounds Unlimited,Movie Sounds Unlimited - Mad World,9
2014-02,2014-02-28,Ramin Djawadi,Ramin Djawadi - The Breach,9
2014-03,2014-03-09,Hans Zimmer & Lorne Balfe,Hans Zimmer & Lorne Balfe - Of Their Own Accord - Crow's Nest,19
2014-03,2014-03-08,Hans Zimmer & Lorne Balfe,Hans Zimmer & Lorne Balfe - Of Their Own Accord - Crow's Nest,16
2014-03,2014-03-11,Hans Zimmer & Lorne Balfe,Hans Zimmer & Lorne Balfe - Of Their Own Accord - Crow's Nest,16
2014-03,2014-03-10,Hans Zimmer & Lorne Balfe,Hans Zimmer & Lorne Balfe - Of Their Own Accord - Crow's Nest,15
2014-03,2014-03-15,Hans Zimmer & Lorne Balfe,Hans Zimmer & Lorne Balfe - Of Their Own Accord - Crow's Nest,12
2014-03,2014-03-26,Hans Zimmer & Lorne Balfe,Hans Zimmer & Lorne Balfe - Of Their Own Accord - Crow's Nest,12
2014-03,2014-03-16,Hans Zimmer & Lorne Balfe,Hans Zimmer & Lorne Balfe - Of Their Own Accord - Crow's Nest,11
2014-03,2014-03-06,Hans Zimmer & Lorne Balfe,Hans Zimmer & Lorne Balfe - Of Their Own Accord - Crow's Nest,11
2014-03,2014-03-19,Sonny & Cher,Sonny & Cher - I Got You Babe - LP/Single Version,11
2014-03,2014-03-12,Hans Zimmer & Lorne Balfe,Hans Zimmer & Lorne Balfe - Of Their Own Accord - Crow's Nest,10
2014-04,2014-04-04,Martin Garrix,Martin Garrix - Animals (Radio Edit),20
2014-04,2014-04-08,Puddle of Mudd,Puddle of Mudd - Psycho,20
2014-04,2014-04-07,My Chemical Romance,My Chemical Romance - Teenagers,18
2014-04,2014-04-01,Green Day,Green Day - Wake Me Up When September Ends,17
2014-04,2014-04-08,My Chemical Romance,My Chemical Romance - Teenagers,15
2014-04,2014-04-07,Puddle of Mudd,Puddle of Mudd - Psycho,15
2014-04,2014-04-11,Hans Zimmer & Lorne Balfe,Hans Zimmer & Lorne Balfe - Of Their Own Accord - Crow's Nest,14
2014-04,2014-04-14,Hans Zimmer & Lorne Balfe,Hans Zimmer & Lorne Balfe - Of Their Own Accord - Crow's Nest,13
2014-04,2014-04-27,The Rolling Stones,The Rolling Stones - Gimme Shelter,12
2014-04,2014-04-13,Hans Zimmer & Lorne Balfe,Hans Zimmer & Lorne Balfe - Of Their Own Accord - Crow's Nest,12
2014-05,2014-05-26,The Philip Glass Ensemble,The Philip Glass Ensemble - Pruit igoe & prophecies,27
2014-05,2014-05-05,The Pretty Reckless,The Pretty Reckless - Heaven Knows,17
2014-05,2014-05-25,The Philip Glass Ensemble,The Philip Glass Ensemble - Pruit igoe & prophecies,15
2014-05,2014-05-12,Willy Moon,Willy Moon - Yeah Yeah,12
2014-05,2014-05-22,The Philip Glass Ensemble,The Philip Glass Ensemble - Pruit igoe & prophecies,11
2014-05,2014-05-23,The Philip Glass Ensemble,The Philip Glass Ensemble - Pruit igoe & prophecies,11
2014-05,2014-05-04,The Pretty Reckless,The Pretty Reckless - Heaven Knows,10
2014-05,2014-05-28,Hans Zimmer & Lorne Balfe,Hans Zimmer & Lorne Balfe - Of Their Own Accord - Crow's Nest,10
2014-05,2014-05-12,Martin Garrix,Martin Garrix - Wizard - Radio Edit,9
2014-05,2014-05-06,The Pretty Reckless,The Pretty Reckless - Heaven Knows,9
2014-06,2014-06-22,Talking Heads,Talking Heads - Burning Down The House (45 Version),38
2014-06,2014-06-02,Wolfgang Gartner,Wolfgang Gartner - Fire Power,15
2014-06,2014-06-08,Danny Elfman,Danny Elfman - M.I.B. Main Theme,13
2014-06,2014-06-15,Giles Lamb,Giles Lamb - Dead Island Trailer Theme (feat. Mairi Campbell Peter Nicholson & Guido De Groot),12
2014-06,2014-06-14,Giles Lamb,Giles Lamb - Dead Island Trailer Theme (feat. Mairi Campbell Peter Nicholson & Guido De Groot),12
2014-06,2014-06-22,The Used,The Used - Burning Down The House,10
2014-06,2014-06-03,Franz Liszt,Franz Liszt - Hungarian Rhapsody No. 2 in C-Sharp Minor S. 359/2,10
2014-06,2014-06-09,Hans Zimmer & Lorne Balfe,Hans Zimmer & Lorne Balfe - Of Their Own Accord - Crow's Nest,10
2014-06,2014-06-02,Franz Liszt,Franz Liszt - Hungarian Rhapsody No. 2 in C-Sharp Minor S. 359/2,9
2014-06,2014-06-01,Wolfgang Gartner,Wolfgang Gartner - Fire Power,9
2014-07,2014-07-04,Hans Zimmer,Hans Zimmer - Tribal War,15
2014-07,2014-07-03,Hans Zimmer,Hans Zimmer - Tribal War,14
2014-07,2014-07-03,Hans Zimmer,Hans Zimmer - Leave No Man Behind,8
2014-07,2014-07-26,Wolfgang Gartner,Wolfgang Gartner - Fire Power,5
2014-07,2014-07-06,Hans Zimmer,Hans Zimmer - Synchrotone,5
2014-07,2014-07-06,Hans Zimmer,Hans Zimmer - Tribal War,4
2014-07,2014-07-06,The Philip Glass Ensemble,The Philip Glass Ensemble - Pruit igoe & prophecies,4
2014-07,2014-07-19,Hans Zimmer & Lorne Balfe,Hans Zimmer & Lorne Balfe - Of Their Own Accord - Crow's Nest,4
2014-07,2014-07-01,Hans Zimmer & Lorne Balfe,Hans Zimmer & Lorne Balfe - Of Their Own Accord - Crow's Nest,4
2014-07,2014-07-02,Hans Zimmer,Hans Zimmer - Tribal War,4
2014-08,2014-08-22,Blue Swede,Blue Swede - Hooked on a Feeling,21
2014-08,2014-08-27,Watermät,Watermät - Bullit - Original Mix,17
2014-08,2014-08-21,Blue Swede,Blue Swede - Hooked on a Feeling,15
2014-08,2014-08-26,Watermät,Watermät - Bullit - Radio Edit,15
2014-08,2014-08-30,Watermät,Watermät - Bullit - Original Mix,15
2014-08,2014-08-22,Norman Greenbaum,Norman Greenbaum - Spirit in the Sky,14
2014-08,2014-08-22,The Raspberries,The Raspberries - Go All The Way,14
2014-08,2014-08-27,Watermät,Watermät - Bullit - Radio Edit,12
2014-08,2014-08-04,Ludovico Einaudi,Ludovico Einaudi - Fly,10
2014-08,2014-08-21,The Raspberries,The Raspberries - Go All The Way,10
2014-09,2014-09-02,Sander van Doorn,Sander van Doorn - Guitar Track - Original Mix,14
2014-09,2014-09-01,Simon & Garfunkel,Simon & Garfunkel - El Condor Pasa (If I Could),10
2014-09,2014-09-22,Ramin Djawadi,Ramin Djawadi - Deep Beneath the Pacific,5
2014-09,2014-09-20,Howard Shore,Howard Shore - Many Meetings,5
2014-09,2014-09-04,Sander van Doorn,Sander van Doorn - Guitar Track - Original Mix,5
2014-09,2014-09-03,Sander van Doorn,Sander van Doorn - Guitar Track - Original Mix,5
2014-09,2014-09-21,Ramin Djawadi,Ramin Djawadi - Deep Beneath the Pacific,5
2014-09,2014-09-01,Watermät,Watermät - Bullit - Original Mix,5
2014-09,2014-09-05,Sander van Doorn,Sander van Doorn - Guitar Track - Original Mix,5
2014-09,2014-09-22,Ramin Djawadi,Ramin Djawadi - The Breach,5
2014-10,2014-10-24,Deorro,Deorro - Dechorro - Original Mix,16
2014-10,2014-10-16,T.Love,T.Love - Ajrisz,6
2014-10,2014-10-29,Watermät,Watermät - Bullit - Radio Edit,6
2014-10,2014-10-23,Watermät,Watermät - Bullit - Radio Edit,6
2014-10,2014-10-22,Watermät,Watermät - Bullit - Radio Edit,5
2014-10,2014-10-29,New World Sound,New World Sound - Flute - Original Mix,5
2014-10,2014-10-16,Martin Garrix & Firebeatz,Martin Garrix & Firebeatz - Helicopter - Video Edit,5
2014-10,2014-10-24,Fort Minor,Fort Minor - Remember the Name,4
2014-10,2014-10-12,T.Love,T.Love - Ajrisz,4
2014-10,2014-10-07,Metallica,Metallica - The Day That Never Comes,4
2014-11,2014-11-23,Danny Elfman,Danny Elfman - Alice's Theme,41
2014-11,2014-11-11,Hans Zimmer,Hans Zimmer - Molossus,25
2014-11,2014-11-29,Queens of the Stone Age,Queens of the Stone Age - If I Had a Tail,24
2014-11,2014-11-10,Hans Zimmer,Hans Zimmer - Molossus,19
2014-11,2014-11-15,Burns,Burns - FLICKA - Original Mix,18
2014-11,2014-11-04,Metallica,Metallica - Hero of the Day,16
2014-11,2014-11-22,Danny Elfman,Danny Elfman - Alice's Theme,14
2014-11,2014-11-11,Hans Zimmer,Hans Zimmer - Corynorhinus,12
2014-11,2014-11-24,Danny Elfman,Danny Elfman - Alice's Theme,11
2014-11,2014-11-18,Glowinthedark,Glowinthedark - Rave Century - Original Mix,10
2014-12,2014-12-14,Bon Jovi,Bon Jovi - Because We Can,11
2014-12,2014-12-26,ZZT,ZZT - Zzafrika (Gesaffelstein remix),11
2014-12,2014-12-19,Hans Zimmer & Lorne Balfe,Hans Zimmer & Lorne Balfe - Of Their Own Accord - Crow's Nest,9
2014-12,2014-12-16,Bon Jovi,Bon Jovi - Because We Can,8
2014-12,2014-12-19,Hans Zimmer & Lorne Balfe,Hans Zimmer & Lorne Balfe - Contingency,7
2014-12,2014-12-16,Green Day,Green Day - 21 Guns,7
2014-12,2014-12-15,Bon Jovi,Bon Jovi - Because We Can,7
2014-12,2014-12-16,Knife Party,Knife Party - Internet Friends,7
2014-12,2014-12-09,Sick Puppies,Sick Puppies - You're Going Down,6
2014-12,2014-12-08,Knife Party,Knife Party - Sleaze - feat. Mistajam,6
2015-01,2015-01-21,X-Ray Dog,X-Ray Dog - 05. Bloodblister XRD,14
2015-01,2015-01-28,Vixen,Vixen - Ahooj,14
2015-01,2015-01-29,Vixen,Vixen - Ahooj,9
2015-01,2015-01-22,X-Ray Dog,X-Ray Dog - 05. Bloodblister XRD,8
2015-01,2015-01-06,Stevie Wonder,Stevie Wonder - Superstition,7
2015-01,2015-01-30,Vixen,Vixen - Ahooj,7
2015-01,2015-01-13,Sergei Prokofiev,Sergei Prokofiev - Prokofiev: Alexander Nevsky Op.78 - 5. The Battle on Ice,6
2015-01,2015-01-03,LAZER LAZER LAZER & Helix High,LAZER LAZER LAZER & Helix High - Mr. Crackspider,6
2015-01,2015-01-28,Sergei Prokofiev,Sergei Prokofiev - Prokofiev: Alexander Nevsky Op.78 - 5. The Battle on Ice,6
2015-01,2015-01-31,Vixen,Vixen - Ahooj,6
2015-02,2015-02-01,Gary Glitter,Gary Glitter - Rock and Roll (Part 2),9
2015-02,2015-02-02,Gary Glitter,Gary Glitter - I'm the Leader of the Gang (I Am),9
2015-02,2015-02-01,Giles Lamb,Giles Lamb - Dead Island Trailer Theme (feat. Mairi Campbell Peter Nicholson & Guido De Groot),8
2015-02,2015-02-02,Gary Glitter,Gary Glitter - Rock and Roll (Part 2),7
2015-02,2015-02-01,Franz Liszt,Franz Liszt - Hungarian Rhapsody No. 2 in C-Sharp Minor S. 359/2,6
2015-02,2015-02-27,Glowinthedark,Glowinthedark - Bombay - Original Mix,6
2015-02,2015-02-04,Gary Glitter,Gary Glitter - I'm the Leader of the Gang (I Am),5
2015-02,2015-02-14,Watermät,Watermät - Bullit - Radio Edit,4
2015-02,2015-02-01,Martin Garrix,Martin Garrix - Proxy - Original Mix,3
2015-02,2015-02-04,Gary Glitter,Gary Glitter - I Love You Love Me Love,3
2015-03,2015-03-18,Fatboy Slim,Fatboy Slim - Eat Sleep Rave Repeat - Calvin Harris Remix Edit,17
2015-03,2015-03-24,Knife Party,Knife Party - LRAD,15
2015-03,2015-03-19,Wolfgang Amadeus Mozart,Wolfgang Amadeus Mozart - Requiem: Lacrimosa,12
2015-03,2015-03-22,Lacrimosa,Lacrimosa - Irgendein Arsch ist Immer Unterwegs,11
2015-03,2015-03-22,Wolfgang Amadeus Mozart,Wolfgang Amadeus Mozart - Requiem in D minor K.626 : 3. Sequentia: Lacrimosa,7
2015-03,2015-03-18,Wolfgang Amadeus Mozart,Wolfgang Amadeus Mozart - Requiem: Lacrimosa,7
2015-03,2015-03-22,Wolfgang Amadeus Mozart,Wolfgang Amadeus Mozart - Requiem in D Minor K. 626: III. Sequentia: Lacrimosa,6
2015-03,2015-03-23,T.Love,T.Love - Gnijący świat,6
2015-03,2015-03-30,Korn,Korn - Hater,6
2015-03,2015-03-10,Gnarls Barkley,Gnarls Barkley - Crazy,6
2015-04,2015-04-28,Timmy Trumpet Savage,Timmy Trumpet Savage - Freaks - Radio Edit,21
2015-04,2015-04-09,James Horner,James Horner - The Machine Age - Instrumental,14
2015-04,2015-04-07,James Horner,James Horner - The Machine Age - Instrumental,12
2015-04,2015-04-28,Watermät,Watermät - Bullit - Radio Edit,8
2015-04,2015-04-08,James Horner,James Horner - The Machine Age - Instrumental,8
2015-04,2015-04-10,James Horner,James Horner - The Machine Age - Instrumental,7
2015-04,2015-04-02,Tiësto,Tiësto - Blow Your Mind - Original Mix,7
2015-04,2015-04-08,James Horner,James Horner - Special Delivery - Instrumental,6
2015-04,2015-04-28,Knife Party,Knife Party - LRAD,5
2015-04,2015-04-08,James Horner,James Horner - The Magic Spirit - Instrumental,5
2015-05,2015-05-06,澤野弘之,澤野弘之 - army⇒G♂,21
2015-05,2015-05-03,Mika Kobayashi,Mika Kobayashi - at'aek ON taitn,17
2015-05,2015-05-29,Eastwest Rockers,Eastwest Rockers - Łap oddech,12
2015-05,2015-05-25,Justice,Justice - Civilization,11
2015-05,2015-05-27,College,College - A Real Hero (feat. Electric Youth),10
2015-05,2015-05-29,Alchemist Project,Alchemist Project - Tell Me,8
2015-05,2015-05-19,Jim Croce,Jim Croce - Time in a Bottle,7
2015-05,2015-05-28,College,College - A Real Hero (feat. Electric Youth),7
2015-05,2015-05-26,Justice,Justice - On'n'on,7
2015-05,2015-05-26,Justice,Justice - Canon,7
2015-06,2015-06-16,Amon Tobin,Amon Tobin - Yards,15
2015-06,2015-06-29,Gustav Holst,Gustav Holst - The Planets Op.32: 1. Mars The Bringer of War,13
2015-06,2015-06-05,The Chemical Brothers,The Chemical Brothers - Snow,13
2015-06,2015-06-06,The Chemical Brothers,The Chemical Brothers - The Devil Is in the Details,11
2015-06,2015-06-21,The Trashmen,The Trashmen - Surfin' Bird - Original recording,10
2015-06,2015-06-30,Gustav Holst,Gustav Holst - The Planets Op.32: 1. Mars The Bringer of War,10
2015-06,2015-06-25,Gustav Holst,Gustav Holst - The Planets Op. 32: I. Mars the Bringer of War,8
2015-06,2015-06-06,The Chemical Brothers,The Chemical Brothers - Bahnhof Rumble,7
2015-06,2015-06-06,The Chemical Brothers,The Chemical Brothers - The Forest,7
2015-06,2015-06-26,Gustav Holst,Gustav Holst - The Planets Op. 32: I. Mars the Bringer of War,7
2015-07,2015-07-20,Benn,Benn - Yesterday (Inspired by Fallout 4),12
2015-07,2015-07-02,Gustav Holst,Gustav Holst - The Planets Op.32: 1. Mars The Bringer of War,7
2015-07,2015-07-03,Gustav Holst,Gustav Holst - The Planets Op.32: 6. Uranus The Magician,7
2015-07,2015-07-04,Gustav Holst,Gustav Holst - The Planets Op.32: 6. Uranus The Magician,7
2015-07,2015-07-04,Ralph Vaughan Williams,Ralph Vaughan Williams - Fantasia On a Theme By Thomas Tallis: Largo Sostenuto,6
2015-07,2015-07-03,Gustav Holst,Gustav Holst - The Planets Op.32: 1. Mars The Bringer of War,6
2015-07,2015-07-23,Benn,Benn - Yesterday (Inspired by Fallout 4),4
2015-07,2015-07-03,Gustav Holst,Gustav Holst - The Planets Op.32: 2. Venus The Bringer of Peace,4
2015-07,2015-07-27,James Horner,James Horner - The Machine Age - Instrumental,4
2015-07,2015-07-04,Gustav Holst,Gustav Holst - The Planets Op.32: 7. Neptune The Mystic,3
2015-08,2015-08-13,Benn,Benn - Yesterday (Inspired by Fallout 4),11
2015-08,2015-08-23,Knife Party,Knife Party - Red Dawn,9
2015-08,2015-08-31,Knife Party,Knife Party - Boss Mode (Original Mix),7
2015-08,2015-08-18,Deorro,Deorro - Rambo - Hardwell Edit,7
2015-08,2015-08-24,Knife Party,Knife Party - Red Dawn (Original Mix),7
2015-08,2015-08-16,Kylesa,Kylesa - Long Gone,6
2015-08,2015-08-23,Knife Party,Knife Party - Red Dawn (Original Mix),5
2015-08,2015-08-13,Sidney Samson,Sidney Samson - Trojan - Original Mix,5
2015-08,2015-08-27,Knife Party,Knife Party - Red Dawn (Original Mix),4
2015-08,2015-08-20,Timmy Trumpet Savage,Timmy Trumpet Savage - Freaks - Radio Edit,4
2015-09,2015-09-14,Christophe Héral,Christophe Héral - Hades' Hand,26
2015-09,2015-09-10,Soulfly,Soulfly - Sodomites,22
2015-09,2015-09-11,Alfredo Garcia Segura,Alfredo Garcia Segura - En Aranjuez Con Tu Amor,18
2015-09,2015-09-03,Gustav Holst,Gustav Holst - The Planets Op.32: 5. Saturn The Bringer of Old Age,16
2015-09,2015-09-15,Christophe Héral,Christophe Héral - Hades' Hand,16
2015-09,2015-09-08,Julee Cruise,Julee Cruise - Mysteries of Love,13
2015-09,2015-09-09,Julee Cruise,Julee Cruise - Mysteries of Love,13
2015-09,2015-09-07,Christophe Héral,Christophe Héral - Storming the Castle,11
2015-09,2015-09-10,Julee Cruise,Julee Cruise - Mysteries of Love,8
2015-09,2015-09-08,Christophe Héral,Christophe Héral - Storming the Castle,8
2015-10,2015-10-19,Christophe Héral,Christophe Héral - The Fortified Castle,5
2015-10,2015-10-19,Christophe Héral,Christophe Héral - Storming the Castle,5
2015-10,2015-10-21,Dropkick Murphys,Dropkick Murphys - Rose Tattoo,5
2015-10,2015-10-18,James Horner,James Horner - The Machine Age - Instrumental,5
2015-10,2015-10-04,Gustav Holst,Gustav Holst - The Planets Op.32: 5. Saturn The Bringer of Old Age,5
2015-10,2015-10-20,Christophe Héral,Christophe Héral - The Fortified Castle,5
2015-10,2015-10-20,Christophe Héral,Christophe Héral - Storming the Castle,5
2015-10,2015-10-24,Dion,Dion - The Wanderer,5
2015-10,2015-10-21,Dropkick Murphys,Dropkick Murphys - My Hero,4
2015-10,2015-10-21,Dropkick Murphys,Dropkick Murphys - Jimmy Collins Wake,4
2015-11,2015-11-19,Galantis,Galantis - Peanut Butter Jelly,38
2015-11,2015-11-17,Gerhard Trede,Gerhard Trede - Jazz Blues,15
2015-11,2015-11-22,Philharmonia Orchestra,Philharmonia Orchestra - Cavalleria Rusticana (1987 - Remaster): Intermezzo (Orchestra),13
2015-11,2015-11-01,Tyler Bates,Tyler Bates - Don't Get Too Misty Eyed,8
2015-11,2015-11-10,Igorrr,Igorrr - Tout Petit Moineau,7
2015-11,2015-11-22,Galantis,Galantis - Peanut Butter Jelly,7
2015-11,2015-11-13,London Philharmonic Orchestra,London Philharmonic Orchestra - The Barber Of Seville: Overture,6
2015-11,2015-11-17,Bali Bandits,Bali Bandits - Welcome - Dyro Remix,6
2015-11,2015-11-07,Klingande,Klingande - Jubel (Radio Edit),6
2015-11,2015-11-07,Boostedkids,Boostedkids - Escocia - Radio Edit,6
2015-12,2015-12-01,Ibranovski,Ibranovski - Vicious,10
2015-12,2015-12-01,Black Rebel Motorcycle Club,Black Rebel Motorcycle Club - Beat the Devil's Tattoo,9
2015-12,2015-12-01,Combichrist,Combichrist - Never Surrender,6
2015-12,2015-12-07,Atari Teenage Riot,Atari Teenage Riot - Speed,6
2015-12,2015-12-01,Imagine Dragons,Imagine Dragons - Friction,6
2015-12,2015-12-18,Steve ´n´ Seagulls,Steve ´n´ Seagulls - Thunderstruck,6
2015-12,2015-12-18,London Philharmonic Orchestra,London Philharmonic Orchestra - Nabucco: Chorus of the Hebrew Slaves (Va' pensiero sull'ali dorate),5
2015-12,2015-12-18,Ibranovski,Ibranovski - Vicious,5
2015-12,2015-12-22,Apashe,Apashe - Kannibalen - Original Mix,4
2015-12,2015-12-26,Firebeatz & Schella,Firebeatz & Schella - Wicked (Original Mix),4
2016-01,2016-01-23,Zircon,Zircon - Colossus,15
2016-01,2016-01-21,Ennio Morricone,Ennio Morricone - L'Ultima Diligenza di Red Rock - From The Hateful Eight Soundtrack / Versione Integrale,15
2016-01,2016-01-18,Bob Log III,Bob Log III - String Around A Stick,15
2016-01,2016-01-15,Biting Elbows,Biting Elbows - Bad Motherfucker (I.O.E.2 Version) [feat. Dasha Charusha],13
2016-01,2016-01-17,Phillip Thusing,Phillip Thusing - Rambo - Radio Edit,13
2016-01,2016-01-15,Atlas Plug,Atlas Plug - Truth Be Known,12
2016-01,2016-01-22,Ennio Morricone,Ennio Morricone - L'Ultima Diligenza di Red Rock - From The Hateful Eight Soundtrack / Versione Integrale,12
2016-01,2016-01-12,Massive Attack,Massive Attack - Superpredators,12
2016-01,2016-01-03,Zircon,Zircon - Colossus,11
2016-01,2016-01-06,The Heavy,The Heavy - What Makes a Good Man?,10
2016-02,2016-02-02,Asian Dub Foundation,Asian Dub Foundation - Fortress Europe,16
2016-02,2016-02-03,The Chemical Brothers,The Chemical Brothers - Life Is Sweet,13
2016-02,2016-02-12,M|O|O|N,M|O|O|N - Hydrogen,11
2016-02,2016-02-03,Fandom,Fandom - Twisted Nerve (From American Horror Story),9
2016-02,2016-02-12,Doctor P,Doctor P - Flying Spaghetti Monster,8
2016-02,2016-02-26,Deep Purple,Deep Purple - And the Address,7
2016-02,2016-02-25,Massive Attack,Massive Attack - Superpredators,7
2016-02,2016-02-03,Peter Bjorn and John,Peter Bjorn and John - Young Folks,7
2016-02,2016-02-26,Deep Purple,Deep Purple - Hush,7
2016-02,2016-02-02,Edwyn Collins,Edwyn Collins - A Girl Like You,6
2016-03,2016-03-17,De Staat,De Staat - Witch Doctor,25
2016-03,2016-03-24,Primus,Primus - John the Fisherman,11
2016-03,2016-03-22,Professor Kliq,Professor Kliq - Plastic and Flashing Lights,11
2016-03,2016-03-18,De Staat,De Staat - Witch Doctor,10
2016-03,2016-03-11,Royal Blood,Royal Blood - Out of the Black,10
2016-03,2016-03-23,D1ofaquavibe,D1ofaquavibe - The Party Troll,8
2016-03,2016-03-23,Professor Kliq,Professor Kliq - Plastic and Flashing Lights,8
2016-03,2016-03-24,D1ofaquavibe,D1ofaquavibe - The Party Troll,8
2016-03,2016-03-01,Noisia,Noisia - Lilith's Club,8
2016-03,2016-03-17,Fu Manchu,Fu Manchu - Godzilla,7
2016-04,2016-04-14,Strapping Young Lad,Strapping Young Lad - Love?,14
2016-04,2016-04-25,Jackson and His Computer Band,Jackson and His Computer Band - Arp #1,10
2016-04,2016-04-23,Blues Pills,Blues Pills - High Class Woman,10
2016-04,2016-04-19,Devin Townsend Project,Devin Townsend Project - Kingdom,10
2016-04,2016-04-16,Jimi Hendrix,Jimi Hendrix - Little Wing,9
2016-04,2016-04-26,Jackson and His Computer Band,Jackson and His Computer Band - Arp #1,9
2016-04,2016-04-17,Jimi Hendrix,Jimi Hendrix - Little Wing,8
2016-04,2016-04-08,Amon Tobin,Amon Tobin - The Lighthouse,7
2016-04,2016-04-25,Apashe,Apashe - The Grave feat. Gabriella Hook - Original Mix,7
2016-04,2016-04-04,Booker T. & the MG's,Booker T. & the MG's - Green Onions (45 version),6
2016-05,2016-05-04,Maybeshewill,Maybeshewill - Not for Want of Trying,14
2016-05,2016-05-22,F.O.O.L,F.O.O.L - Destroyer Of Speakers,13
2016-05,2016-05-17,F.O.O.L,F.O.O.L - Destroyer Of Speakers,13
2016-05,2016-05-22,Mogwai,Mogwai - Glasgow Mega-Snake,11
2016-05,2016-05-10,Nine Inch Nails,Nine Inch Nails - Wish,10
2016-05,2016-05-17,Mogwai,Mogwai - Glasgow Mega-Snake,10
2016-05,2016-05-22,Jackson and His Computer Band,Jackson and His Computer Band - Arp #1,10
2016-05,2016-05-17,Nine Inch Nails,Nine Inch Nails - Wish,9
2016-05,2016-05-11,Nine Inch Nails,Nine Inch Nails - Wish,8
2016-05,2016-05-04,Celldweller,Celldweller - Senorita Bonita,8
2016-06,2016-06-07,Powerman 5000,Powerman 5000 - Space Oddity,22
2016-06,2016-06-06,Powerman 5000,Powerman 5000 - Space Oddity,15
2016-06,2016-06-28,Findlay,Findlay - Off & On,9
2016-06,2016-06-22,DMX,DMX - X Gon' Give It To Ya,9
2016-06,2016-06-09,Powerman 5000,Powerman 5000 - Space Oddity,7
2016-06,2016-06-16,Skindred,Skindred - Kill the Power,7
2016-06,2016-06-24,DMX,DMX - X Gon' Give It To Ya,6
2016-06,2016-06-03,Wax Fang,Wax Fang - Majestic,6
2016-06,2016-06-09,Wax Fang,Wax Fang - Majestic,5
2016-06,2016-06-17,Suicide Commando,Suicide Commando - Die Motherfucker Die,5
2016-07,2016-07-06,Archers of Loaf,Archers of Loaf - White Trash Heroes,13
2016-07,2016-07-13,Haezer,Haezer - Minted,11
2016-07,2016-07-06,Truckfighters,Truckfighters - Desert Cruiser,9
2016-07,2016-07-07,Archers of Loaf,Archers of Loaf - White Trash Heroes,8
2016-07,2016-07-03,Reverend Horton Heat,Reverend Horton Heat - Galaxy 500,5
2016-07,2016-07-19,1000mods,1000mods - Vidage,5
2016-07,2016-07-03,Truckfighters,Truckfighters - Desert Cruiser,5
2016-07,2016-07-13,Archers of Loaf,Archers of Loaf - White Trash Heroes,5
2016-07,2016-07-09,Focus,Focus - Hocus Pocus 2010,4
2016-07,2016-07-11,Haezer,Haezer - Minted,4
2016-08,2016-08-18,Sun Araw,Sun Araw - Deep Cover,17
2016-08,2016-08-16,Michael John Gordon,Michael John Gordon - The New Order,10
2016-08,2016-08-18,Michael John Gordon,Michael John Gordon - The New Order,9
2016-08,2016-08-17,Sun Araw,Sun Araw - Deep Cover,8
2016-08,2016-08-22,M|O|O|N,M|O|O|N - Quixotic,7
2016-08,2016-08-17,Michael John Gordon,Michael John Gordon - The New Order,6
2016-08,2016-08-22,Carpenter Brut,Carpenter Brut - Le Perv,6
2016-08,2016-08-14,The Kinks,The Kinks - I'm Not Like Everybody Else,5
2016-08,2016-08-19,Red Fang,Red Fang - Wires,5
2016-08,2016-08-09,Powerman 5000,Powerman 5000 - Space Oddity,5
2016-09,2016-09-18,Mr. Oizo,Mr. Oizo - Ham,9
2016-09,2016-09-22,Wolfmother,Wolfmother - Tales,7
2016-09,2016-09-12,Mr. Oizo,Mr. Oizo - Ham,7
2016-09,2016-09-24,Wolfmother,Wolfmother - Tales,6
2016-09,2016-09-14,Mr. Oizo,Mr. Oizo - Ham,5
2016-09,2016-09-24,Wolfmother,Wolfmother - Woman,5
2016-09,2016-09-22,Wolfmother,Wolfmother - Apple Tree,4
2016-09,2016-09-11,Wolfmother,Wolfmother - Tales,4
2016-09,2016-09-22,Wolfmother,Wolfmother - Woman,4
2016-09,2016-09-22,Wolfmother,Wolfmother - Colossal,4
2016-10,2016-10-18,Wax Fang,Wax Fang - At Sea,16
2016-10,2016-10-05,That 1 Guy,That 1 Guy - The Moon Is Disgusting,15
2016-10,2016-10-28,William Kiss,William Kiss - Delhi - Original Mix,13
2016-10,2016-10-04,That 1 Guy,That 1 Guy - The Moon Is Disgusting,10
2016-10,2016-10-18,Wax Fang,Wax Fang - Cannibal Summer,9
2016-10,2016-10-23,Long Distance Calling,Long Distance Calling - Black Paper Planes,7
2016-10,2016-10-12,William Shatner,William Shatner - Common People,7
2016-10,2016-10-19,Wax Fang,Wax Fang - At Sea,6
2016-10,2016-10-28,William Kiss,William Kiss - Sideshow - Original Mix,6
2016-10,2016-10-26,The Rolling Stones,The Rolling Stones - Honky Tonk Women,6
2016-11,2016-11-09,Castanets,Castanets - You Are The Blood,12
2016-11,2016-11-17,Tame Impala,Tame Impala - Runway Houses City Clouds,12
2016-11,2016-11-28,Simon Viklund,Simon Viklund - Razormind,9
2016-11,2016-11-17,Tame Impala,Tame Impala - I Don't Really Mind,9
2016-11,2016-11-15,Carpenter Brut,Carpenter Brut - Le Perv,7
2016-11,2016-11-29,Simon Viklund,Simon Viklund - Razormind,7
2016-11,2016-11-28,El Tigr3,El Tigr3 - She Swallowed Burning Coals,6
2016-11,2016-11-07,Dope Stars Inc.,Dope Stars Inc. - Lies Irae,6
2016-11,2016-11-28,Haezer,Haezer - Minted,6
2016-11,2016-11-17,Tame Impala,Tame Impala - It Is Not Meant to Be,6
2016-12,2016-12-27,Melt Yourself Down,Melt Yourself Down - Fix My Life,30
2016-12,2016-12-08,Scorpion Child,Scorpion Child - Polygon Of Eyes,12
2016-12,2016-12-20,Earthless,Earthless - Uluru Rock,10
2016-12,2016-12-30,Melt Yourself Down,Melt Yourself Down - Fix My Life,10
2016-12,2016-12-30,Earthless,Earthless - Uluru Rock,8
2016-12,2016-12-20,Midge Ure,Midge Ure - The Man Who Sold The World,7
2016-12,2016-12-22,Wax Fang,Wax Fang - Cannibal Summer,7
2016-12,2016-12-22,Wax Fang,Wax Fang - Can You See the Light?,6
2016-12,2016-12-22,Gustav Holst,Gustav Holst - The Planets Op.32: 1. Mars The Bringer of War,6
2016-12,2016-12-22,Wax Fang,Wax Fang - The Doctor Will See You Now,6
2017-01,2017-01-18,Killing Joke,Killing Joke - Asteroid,25
2017-01,2017-01-18,Adebisi Shank,Adebisi Shank - International Dreambeat,23
2017-01,2017-01-29,The Fugs,The Fugs - CIA Man,18
2017-01,2017-01-29,Crash Test Dummies,Crash Test Dummies - Mmm Mmm Mmm Mmm,18
2017-01,2017-01-03,HEALTH,HEALTH - Tears,16
2017-01,2017-01-13,Brontide,Brontide - Matador,15
2017-01,2017-01-31,Blockhead,Blockhead - The Music Scene,10
2017-01,2017-01-18,Shaka Ponk,Shaka Ponk - Stop the 'bot,10
2017-01,2017-01-13,Stoned Jesus,Stoned Jesus - Black Woods,8
2017-01,2017-01-18,Nick Johnston,Nick Johnston - Sandmonster,8
2017-02,2017-02-13,pg.lost,pg.lost - Terrain,15
2017-02,2017-02-15,Count Five,Count Five - Psychotic Reaction,13
2017-02,2017-02-07,Oingo Boingo,Oingo Boingo - Insanity,10
2017-02,2017-02-06,Oingo Boingo,Oingo Boingo - Insanity,9
2017-02,2017-02-01,Blockhead,Blockhead - The Music Scene,9
2017-02,2017-02-15,The Fugs,The Fugs - CIA Man,8
2017-02,2017-02-14,pg.lost,pg.lost - Terrain,8
2017-02,2017-02-16,Count Five,Count Five - Psychotic Reaction,7
2017-02,2017-02-13,Wooden Shjips,Wooden Shjips - Lazy Bones,6
2017-02,2017-02-02,BØRNS,BØRNS - 10000 Emerald Pools,6
2017-03,2017-03-06,Two Fingers,Two Fingers - Stripe Rhythm,11
2017-03,2017-03-12,Sun Araw,Sun Araw - Horse Steppin',8
2017-03,2017-03-20,Mr. Oizo,Mr. Oizo - Ham,8
2017-03,2017-03-05,T. Rex,T. Rex - 20th Century Boy,7
2017-03,2017-03-13,Sun Araw,Sun Araw - Horse Steppin’,7
2017-03,2017-03-04,T. Rex,T. Rex - 20th Century Boy,6
2017-03,2017-03-24,T. Rex,T. Rex - 20th Century Boy,6
2017-03,2017-03-27,Fuck Buttons,Fuck Buttons - Space Mountain,6
2017-03,2017-03-19,Orange Goblin,Orange Goblin - Red Tide Rising,5
2017-03,2017-03-09,Jackson and His Computer Band,Jackson and His Computer Band - Memory,5
2017-04,2017-04-02,Binärpilot,Binärpilot - aXXo,18
2017-04,2017-04-03,Mink Mussel Creek,Mink Mussel Creek - They dated steadily,12
2017-04,2017-04-10,Vini Vici,Vini Vici - Veni Vidi Vici,10
2017-04,2017-04-09,Vini Vici,Vini Vici - Veni Vidi Vici,8
2017-04,2017-04-11,Peeping Tom,Peeping Tom - Mojo,6
2017-04,2017-04-01,Binärpilot,Binärpilot - aXXo,6
2017-04,2017-04-04,Mink Mussel Creek,Mink Mussel Creek - They dated steadily,6
2017-04,2017-04-09,Refused,Refused - New Noise,5
2017-04,2017-04-23,Mink Mussel Creek,Mink Mussel Creek - They dated steadily,5
2017-04,2017-04-03,KMFDM,KMFDM - WWIII,5
2017-05,2017-05-03,Mink Mussel Creek,Mink Mussel Creek - They dated steadily,6
2017-05,2017-05-31,Soulfly,Soulfly - L.O.T.M.,5
2017-05,2017-05-16,Vini Vici,Vini Vici - Veni Vidi Vici,4
2017-05,2017-05-07,Adebisi Shank,Adebisi Shank - International Dreambeat,4
2017-05,2017-05-31,Soulfly,Soulfly - Sodomites,4
2017-05,2017-05-07,Mink Mussel Creek,Mink Mussel Creek - They dated steadily,3
2017-05,2017-05-03,Count Five,Count Five - Psychotic Reaction,3
2017-05,2017-05-12,Crash Test Dummies,Crash Test Dummies - Mmm Mmm Mmm Mmm,3
2017-05,2017-05-15,The Living End,The Living End - Carry Me Home,3
2017-05,2017-05-31,Soulfly,Soulfly - Innerspirit,3
2017-06,2017-06-20,Suuns,Suuns - 2020,17
2017-06,2017-06-20,Pissed Jeans,Pissed Jeans - False Jesii Part 2,10
2017-06,2017-06-20,White Denim,White Denim - At Night in Dreams,8
2017-06,2017-06-13,Knife Party,Knife Party - Give It Up,8
2017-06,2017-06-20,Adebisi Shank,Adebisi Shank - International Dreambeat,7
2017-06,2017-06-24,Cristobal Tapia de Veer,Cristobal Tapia de Veer - UTOPIA FINALE,7
2017-06,2017-06-13,Knife Party,Knife Party - D.I.M.H.,7
2017-06,2017-06-11,Death Grips,Death Grips - No Love,6
2017-06,2017-06-21,Adebisi Shank,Adebisi Shank - Masa,5
2017-06,2017-06-21,Adebisi Shank,Adebisi Shank - International Dreambeat,5
2017-07,2017-07-08,Hawkwind,Hawkwind - Born to Go - 2007 Remastered Version,8
2017-07,2017-07-16,Uncle Acid & the Deadbeats,Uncle Acid & the Deadbeats - Over and Over Again,4
2017-07,2017-07-11,Hawkwind,Hawkwind - Born to Go - 2007 Remastered Version,4
2017-07,2017-07-16,Uncle Acid & the Deadbeats,Uncle Acid & the Deadbeats - Pusher Man,3
2017-07,2017-07-16,Uncle Acid & the Deadbeats,Uncle Acid & the Deadbeats - Mind Crawler,3
2017-07,2017-07-16,Uncle Acid & the Deadbeats,Uncle Acid & the Deadbeats - Melody Lane,3
2017-07,2017-07-23,Zamilska,Zamilska - DUEL 35,3
2017-07,2017-07-15,Hawkwind,Hawkwind - Born to Go - 2007 Remastered Version,3
2017-07,2017-07-16,Uncle Acid & the Deadbeats,Uncle Acid & the Deadbeats - Waiting for Blood,3
2017-07,2017-07-08,Mink Mussel Creek,Mink Mussel Creek - They dated steadily,3
2017-08,2017-08-08,KMFDM,KMFDM - Juke-Joint Jezebel,8
2017-08,2017-08-17,KMFDM,KMFDM - Juke-Joint Jezebel,4
2017-08,2017-08-20,Hans Zimmer,Hans Zimmer - Supermarine,4
2017-08,2017-08-20,Ramin Djawadi,Ramin Djawadi - Paint It Black,4
2017-08,2017-08-23,Wax Fang,Wax Fang - Cannibal Summer,3
2017-08,2017-08-22,Adebisi Shank,Adebisi Shank - Masa,3
2017-08,2017-08-21,Hans Zimmer,Hans Zimmer - Supermarine,3
2017-08,2017-08-07,KMFDM,KMFDM - Juke-Joint Jezebel,3
2017-08,2017-08-23,Wax Fang,Wax Fang - At Sea,3
2017-08,2017-08-10,KMFDM,KMFDM - Juke-Joint Jezebel,2
2017-09,2017-09-17,Massive Attack,Massive Attack - (Exchange),10
2017-09,2017-09-30,Apashe,Apashe - Battle Royale feat. Panther - VIP Mix,10
2017-09,2017-09-13,Oysterhead,Oysterhead - Little Faces,9
2017-09,2017-09-04,Brontide,Brontide - Matador,4
2017-09,2017-09-10,Mink Mussel Creek,Mink Mussel Creek - They dated steadily,3
2017-09,2017-09-01,KMFDM,KMFDM - Juke-Joint Jezebel,2
2017-09,2017-09-03,Vini Vici,Vini Vici - Veni Vidi Vici,2
2017-09,2017-09-17,Butthole Surfers,Butthole Surfers - Who Was In My Room Last Night?,2
2017-09,2017-09-17,Oysterhead,Oysterhead - Little Faces,2
2017-09,2017-09-13,The Jim Carroll Band,The Jim Carroll Band - People Who Died,2
2017-10,2017-10-06,Massive Attack,Massive Attack - (Exchange),10
2017-10,2017-10-01,Apashe,Apashe - Battle Royale feat. Panther - VIP Mix,6
2017-10,2017-10-31,Sound Stabs,Sound Stabs - The Attack of The Hipster Zombies,6
2017-10,2017-10-09,Mr. Flash,Mr. Flash - Motorcycle Boy,6
2017-10,2017-10-18,The Flashbulb,The Flashbulb - Three Hundred CC,5
2017-10,2017-10-10,Perturbator,Perturbator - Sexualizer (Feat. Flash Arnold),5
2017-10,2017-10-24,Adebisi Shank,Adebisi Shank - International Dreambeat,5
2017-10,2017-10-03,Hawkwind,Hawkwind - Born to Go - 2007 Remastered Version,5
2017-10,2017-10-24,Męskie Granie Orkiestra,Męskie Granie Orkiestra - Wataha,4
2017-10,2017-10-25,Gary Glitter,Gary Glitter - Rock and Roll Part II,4
2017-11,2017-11-10,Feed Me,Feed Me - High Noon,12
2017-11,2017-11-06,Devin Townsend,Devin Townsend - Bad Devil,9
2017-11,2017-11-09,The Bloody Beetroots,The Bloody Beetroots - The Furious,9
2017-11,2017-11-23,Professor Kliq,Professor Kliq - Crystals,8
2017-11,2017-11-13,Feed Me,Feed Me - High Noon,6
2017-11,2017-11-03,Public Enemy,Public Enemy - Harder Than You Think,6
2017-11,2017-11-04,Fleetwood Mac,Fleetwood Mac - The Chain - Remastered,5
2017-11,2017-11-03,Apashe,Apashe - Battle Royale feat. Panther - VIP Mix,4
2017-11,2017-11-12,The Prodigy,The Prodigy - The Day Is My Enemy,4
2017-11,2017-11-19,Devin Townsend,Devin Townsend - Bad Devil,4
2017-12,2017-12-14,Hawkwind,Hawkwind - Assault And Battery / The Golden Void,8
2017-12,2017-12-18,The Bloody Beetroots,The Bloody Beetroots - The Furious,8
2017-12,2017-12-15,Hawkwind,Hawkwind - Born to Go - 2007 Remastered Version,7
2017-12,2017-12-15,Hawkwind,Hawkwind - Earth Calling - 2007 Remastered Version,7
2017-12,2017-12-10,Digitalism,Digitalism - Jet,6
2017-12,2017-12-19,Kavinsky,Kavinsky - Rampage,6
2017-12,2017-12-20,Kavinsky,Kavinsky - Rampage,5
2017-12,2017-12-13,Good Charlotte,Good Charlotte - Lifestyles of the Rich & Famous,4
2017-12,2017-12-01,Deep Purple,Deep Purple - Hush - 1998 Remastered Version,4
2017-12,2017-12-20,Hawkwind,Hawkwind - Born to Go - 2007 Remastered Version,4
2018-01,2018-01-23,De Staat,De Staat - Get It Together,12
2018-01,2018-01-22,The Presets,The Presets - Kicking And Screaming,9
2018-01,2018-01-17,El Huervo,El Huervo - Daisuke,7
2018-01,2018-01-23,Status Quo,Status Quo - Pictures of Matchstick Men - Mono Version,7
2018-01,2018-01-23,The Presets,The Presets - Kicking And Screaming,7
2018-01,2018-01-25,Muse,Muse - Undisclosed Desires,6
2018-01,2018-01-23,Queen,Queen - Princes Of The Universe - Remastered 2011,5
2018-01,2018-01-23,Channel Zero,Channel Zero - Black Fuel,5
2018-01,2018-01-29,Rea Garvey,Rea Garvey - Wild Love,4
2018-01,2018-01-23,Pink Floyd,Pink Floyd - One Of These Days - 2011 Remastered Version,4
2018-02,2018-02-14,Dan Terminus,Dan Terminus - The Chasm,8
2018-02,2018-02-14,M|O|O|N,M|O|O|N - Release,8
2018-02,2018-02-11,The Chemical Brothers,The Chemical Brothers - Hanna's Theme,4
2018-02,2018-02-11,The Chemical Brothers,The Chemical Brothers - The Forest,4
2018-02,2018-02-11,The Chemical Brothers,The Chemical Brothers - Quayside Synthesis,4
2018-02,2018-02-11,The Chemical Brothers,The Chemical Brothers - The Sandman,4
2018-02,2018-02-05,Deastro,Deastro - LIGHT POWERED,4
2018-02,2018-02-11,The Chemical Brothers,The Chemical Brothers - The Devil Is in the Details,4
2018-02,2018-02-11,The Chemical Brothers,The Chemical Brothers - Escape 700,4
2018-02,2018-02-11,The Chemical Brothers,The Chemical Brothers - Chalice 1,4
2018-03,2018-03-20,Devin Townsend Project,Devin Townsend Project - Bend It Like Bender!,11
2018-03,2018-03-28,Them Crooked Vultures,Them Crooked Vultures - Spinning in Daffodils,8
2018-03,2018-03-21,Carpenter Brut,Carpenter Brut - Maniac - Live,8
2018-03,2018-03-28,Dimitri Vegas & Like Mike,Dimitri Vegas & Like Mike - Patser Bounce,7
2018-03,2018-03-12,Perturbator,Perturbator - Neo Tokyo,6
2018-03,2018-03-19,Devin Townsend Project,Devin Townsend Project - Bend It Like Bender!,5
2018-03,2018-03-07,America,America - A Horse With No Name,4
2018-03,2018-03-21,Marnik,Marnik - Matador (feat. Marano),4
2018-03,2018-03-25,Kavinsky,Kavinsky - Rampage,4
2018-03,2018-03-28,El Huervo,El Huervo - Daisuke,4
2018-04,2018-04-06,Marnik,Marnik - Matador (feat. Marano),5
2018-04,2018-04-03,Sun Araw,Sun Araw - Thoughts Are Bells,5
2018-04,2018-04-01,Burns,Burns - FLICKA - Original Mix,4
2018-04,2018-04-24,Manic Street Preachers,Manic Street Preachers - Europa Geht Durch Mich,4
2018-04,2018-04-01,Sander van Doorn,Sander van Doorn - Guitar Track - Original Mix,4
2018-04,2018-04-04,Devin Townsend Project,Devin Townsend Project - Bend It Like Bender!,4
2018-04,2018-04-25,Dance With The Dead,Dance With The Dead - That House,3
2018-04,2018-04-25,Jem,Jem - They,3
2018-04,2018-04-09,The Darkness,The Darkness - Barbarian,3
2018-04,2018-04-05,Sun Araw,Sun Araw - Ma Holo,3
2018-05,2018-05-08,B.B. King,B.B. King - Into The Night,1
2018-05,2018-05-08,Sweet,Sweet - Gold On The Ceiling,1
2018-05,2018-05-09,Editors,Editors - Papillon,1
2018-05,2018-05-09,Devin Townsend Project,Devin Townsend Project - Bend It Like Bender!,1
2018-05,2018-05-09,David Bowie,David Bowie - Rock 'N' Roll Suicide - 2012 Remastered Version,1
2018-05,2018-05-09,Carpenter Brut,Carpenter Brut - Le Perv,1
2018-05,2018-05-09,Blonde Redhead,Blonde Redhead - For the Damaged Coda,1
2018-05,2018-05-09,Black Sabbath,Black Sabbath - Loner,1
2018-05,2018-05-09,America,America - A Horse With No Name,1
2018-05,2018-05-09,Alabama 3,Alabama 3 - Woke Up This Morning,1
2018-06,2018-06-27,Windham Hell,Windham Hell - Cold Granitic Bliss,31
2018-06,2018-06-29,Windham Hell,Windham Hell - Cold Granitic Bliss,10
2018-06,2018-06-28,Windham Hell,Windham Hell - Cold Granitic Bliss,7
2018-06,2018-06-30,DJ Shadow,DJ Shadow - Nobody Speak (feat. Run the Jewels),5
2018-06,2018-06-26,Queens of the Stone Age,Queens of the Stone Age - The Lost Art of Keeping a Secret,4
2018-06,2018-06-29,Windham Hell,Windham Hell - God Swallow,4
2018-06,2018-06-25,Queens of the Stone Age,Queens of the Stone Age - The Lost Art of Keeping a Secret,4
2018-06,2018-06-29,Grace Mitchell,Grace Mitchell - Kids (Ain't All Right),3
2018-06,2018-06-25,Jimi Hendrix,Jimi Hendrix - Crosstown Traffic,3
2018-06,2018-06-24,Mink Mussel Creek,Mink Mussel Creek - They dated steadily,3
2018-07,2018-07-16,Nazareth,Nazareth - This Flight Tonight,22
2018-07,2018-07-18,Mick Gordon,Mick Gordon - BFG Division,16
2018-07,2018-07-31,Nosowska,Nosowska - Jeśli wiesz co chcę powiedzieć - ZAMILSKA remix,16
2018-07,2018-07-31,Zamilska,Zamilska - DUEL 35,10
2018-07,2018-07-10,The Red Army Choir,The Red Army Choir - Bella Ciao,10
2018-07,2018-07-20,Nazareth,Nazareth - This Flight Tonight,9
2018-07,2018-07-31,Zamilska,Zamilska - Closer,8
2018-07,2018-07-20,Hot Chocolate,Hot Chocolate - Confetti Day,7
2018-07,2018-07-19,Mick Gordon,Mick Gordon - BFG Division,7
2018-07,2018-07-03,Kasabian,Kasabian - West Ryder Silver Bullet,7
2018-08,2018-08-20,Sociedad Instructiva Musical de Beniganim,Sociedad Instructiva Musical de Beniganim - Paquito el Chocolatero,20
2018-08,2018-08-06,Sex Pistols,Sex Pistols - Anarchy In The UK,18
2018-08,2018-08-13,Vince Staples,Vince Staples - Opps (with Yugen Blakrok),16
2018-08,2018-08-01,Zamilska,Zamilska - ARMY,15
2018-08,2018-08-02,Zamilska,Zamilska - ARMY,14
2018-08,2018-08-13,Justice,Justice - Heavy Metal,12
2018-08,2018-08-05,Sex Pistols,Sex Pistols - Anarchy In The UK,9
2018-08,2018-08-08,Scala & Kolacny Brothers,Scala & Kolacny Brothers - Creep,8
2018-08,2018-08-12,Justice,Justice - Heavy Metal,8
2018-08,2018-08-12,Vince Staples,Vince Staples - Opps (with Yugen Blakrok),8
2018-09,2018-09-27,twenty one pilots,twenty one pilots - Heathens,11
2018-09,2018-09-01,Michael Kiwanuka,Michael Kiwanuka - Cold Little Heart - Radio Edit,10
2018-09,2018-09-02,Michael Kiwanuka,Michael Kiwanuka - Cold Little Heart - Radio Edit,6
2018-09,2018-09-27,Blondie,Blondie - Heart Of Glass - Crabtree Remix,5
2018-09,2018-09-07,Deep Purple,Deep Purple - And The Address - 2000 Remastered Version,5
2018-09,2018-09-02,Camel,Camel - Lady Fantasy - Medley,5
2018-09,2018-09-04,De Staat,De Staat - Get It Together,5
2018-09,2018-09-02,Polo & Pan,Polo & Pan - Dorothy,5
2018-09,2018-09-17,At the Drive-In,At the Drive-In - One Armed Scissor (The Field Remix),4
2018-09,2018-09-29,De Staat,De Staat - Get It Together,4
2018-10,2018-10-13,Death Grips,Death Grips - Hacker,8
2018-10,2018-10-18,Run the Jewels,Run the Jewels - Let's Go (The Royal We),8
2018-10,2018-10-14,Death Grips,Death Grips - Hacker,6
2018-10,2018-10-12,Death Grips,Death Grips - Hacker,5
2018-10,2018-10-20,Run the Jewels,Run the Jewels - Let's Go (The Royal We),4
2018-10,2018-10-14,Death Grips,Death Grips - Black Paint,4
2018-10,2018-10-26,Run the Jewels,Run the Jewels - Mean Demeanor,4
2018-10,2018-10-08,Desert Sessions,Desert Sessions - I Wanna Make It Wit Chu,4
2018-10,2018-10-01,SLDGHMR,SLDGHMR - Open The Gates,4
2018-10,2018-10-26,Run the Jewels,Run the Jewels - Legend Has It,4
2018-11,2018-11-03,Black Sabbath,Black Sabbath - Planet Caravan - 2009 Remastered Version,9
2018-11,2018-11-30,Scissor Sisters,Scissor Sisters - Take Your Mama,6
2018-11,2018-11-29,Fatboy Slim,Fatboy Slim - praise you - radio edit,5
2018-11,2018-11-14,Lil Wayne,Lil Wayne - 6 Foot 7 Foot,5
2018-11,2018-11-12,Carpenter Brut,Carpenter Brut - Escape From Midwich Valley,5
2018-11,2018-11-28,Scissor Sisters,Scissor Sisters - Take Your Mama,4
2018-11,2018-11-26,Polo & Pan,Polo & Pan - Dorothy,4
2018-11,2018-11-01,Carpenter Brut,Carpenter Brut - Escape From Midwich Valley,4
2018-11,2018-11-21,Blue Öyster Cult,Blue Öyster Cult - Veteran of the Psychic Wars,4
2018-11,2018-11-11,Fall Out Boy,Fall Out Boy - The Last of the Real Ones,4
2018-12,2018-12-22,Danny Brown,Danny Brown - Ain't it Funny,16
2018-12,2018-12-15,Albin Myers,Albin Myers - Dumb,14
2018-12,2018-12-14,Albin Myers,Albin Myers - Dumb,12
2018-12,2018-12-20,Emigrate,Emigrate - 1234,9
2018-12,2018-12-29,DJ Khalil,DJ Khalil - Elevate (feat. Denzel Curry YBN Cordae SwaVay Trevor Rich),9
2018-12,2018-12-21,Scissor Sisters,Scissor Sisters - Take Your Mama,8
2018-12,2018-12-20,Scissor Sisters,Scissor Sisters - Take Your Mama,7
2018-12,2018-12-11,Scissor Sisters,Scissor Sisters - Take Your Mama,6
2018-12,2018-12-21,Manfred Mann,Manfred Mann - Do Wah Diddy Diddy,6
2018-12,2018-12-11,New Radicals,New Radicals - You Get What You Give,6
2019-01,2019-01-18,Quintino,Quintino - Scorpion (Mix Cut) - Hardwell Edit,9
2019-01,2019-01-22,Polo & Pan,Polo & Pan - Abysse,8
2019-01,2019-01-07,Wand,Wand - Flying Golem,7
2019-01,2019-01-10,Blur,Blur - Tender,7
2019-01,2019-01-10,Wand,Wand - Flying Golem,6
2019-01,2019-01-24,Zamilska,Zamilska - ARMY,6
2019-01,2019-01-23,Polo & Pan,Polo & Pan - Kirghiz,5
2019-01,2019-01-18,Fintan Vais,Fintan Vais - Ninja (Mix Cut) - Original Mix,5
2019-01,2019-01-25,Polo & Pan,Polo & Pan - Abysse,5
2019-01,2019-01-22,Polo & Pan,Polo & Pan - Kirghiz,5
2019-02,2019-02-13,Battles,Battles - Atlas,13
2019-02,2019-02-25,DUCKWRTH,DUCKWRTH - Start a Riot,5
2019-02,2019-02-14,Battles,Battles - Atlas,5
2019-02,2019-02-22,The Beach Boys,The Beach Boys - Surfin' Safari - Remastered,4
2019-02,2019-02-14,Polo & Pan,Polo & Pan - Abysse,4
2019-02,2019-02-21,DJ Khalil,DJ Khalil - Elevate (feat. Denzel Curry YBN Cordae SwaVay Trevor Rich),4
2019-02,2019-02-23,Miike Snow,Miike Snow - Heart Is Full (feat. Run The Jewels) - Remix,4
2019-02,2019-02-26,DUCKWRTH,DUCKWRTH - Start a Riot,4
2019-02,2019-02-15,Polo & Pan,Polo & Pan - Pays imaginaire,4
2019-02,2019-02-22,Miike Snow,Miike Snow - Heart Is Full (feat. Run The Jewels) - Remix,3
2019-03,2019-03-06,UNKLE,UNKLE - U.N.K.L.E. Main Title Theme,8
2019-03,2019-03-07,UNKLE,UNKLE - U.N.K.L.E. Main Title Theme,8
2019-03,2019-03-29,Death Grips,Death Grips - Runway E (2),6
2019-03,2019-03-29,Death Grips,Death Grips - Runway A,5
2019-03,2019-03-26,Zamilska,Zamilska - ARMY,5
2019-03,2019-03-12,The Kinks,The Kinks - (Wish I Could Fly Like) Superman,4
2019-03,2019-03-28,Death Grips,Death Grips - Runway A,4
2019-03,2019-03-30,Death Grips,Death Grips - Runway E (2),4
2019-03,2019-03-29,Death Grips,Death Grips - Runway T,4
2019-03,2019-03-28,Death Grips,Death Grips - Runway E (2),4
2019-04,2019-04-15,Walter Murphy,Walter Murphy - A Fith Of Beethoven - Soulwax Edit,18
2019-04,2019-04-04,Carpenter Brut,Carpenter Brut - Leather Teeth,16
2019-04,2019-04-05,Carpenter Brut,Carpenter Brut - Leather Teeth,13
2019-04,2019-04-17,Walter Murphy,Walter Murphy - A Fith Of Beethoven - Soulwax Edit,9
2019-04,2019-04-29,Liars,Liars - Mask Maker,8
2019-04,2019-04-16,Walter Murphy,Walter Murphy - A Fith Of Beethoven - Soulwax Edit,8
2019-04,2019-04-03,Led Zeppelin,Led Zeppelin - The Lemon Song - Remastered,7
2019-04,2019-04-26,Judas Priest,Judas Priest - Turbo Lover,6
2019-04,2019-04-06,Carpenter Brut,Carpenter Brut - Leather Teeth,6
2019-04,2019-04-25,Zamilska,Zamilska - FUCKFRAY,5
2019-05,2019-05-02,Son Lux,Son Lux - Lost It To Trying,16
2019-05,2019-05-20,Simian Mobile Disco,Simian Mobile Disco - Hotdog,12
2019-05,2019-05-22,Simian Mobile Disco,Simian Mobile Disco - Hey Sister,10
2019-05,2019-05-02,LLgL TNdR,LLgL TNdR - Enormous,10
2019-05,2019-05-02,HO99O9,HO99O9 - War Is Hell,9
2019-05,2019-05-23,Simian Mobile Disco,Simian Mobile Disco - Hey Sister,9
2019-05,2019-05-03,Son Lux,Son Lux - Lost It To Trying,8
2019-05,2019-05-29,Proxy,Proxy - WHORES,8
2019-05,2019-05-13,Zamilska,Zamilska - Hollow,6
2019-05,2019-05-02,Ólafur Arnalds,Ólafur Arnalds - Raddir,6
2019-06,2019-06-17,Huoratron,Huoratron - Autocannibalism,12
2019-06,2019-06-28,Metronomy,Metronomy - You Could Easily Have Me,11
2019-06,2019-06-11,Foo Fighters,Foo Fighters - The Sky Is A Neighborhood,8
2019-06,2019-06-24,Hiroyuki Sawano,Hiroyuki Sawano - XL-TT,8
2019-06,2019-06-24,Hiroyuki Sawano,Hiroyuki Sawano - attack ON titan,8
2019-06,2019-06-10,Foo Fighters,Foo Fighters - The Sky Is A Neighborhood,7
2019-06,2019-06-24,Hiroyuki Sawano,Hiroyuki Sawano - Army-Attack,6
2019-06,2019-06-16,Justice,Justice - Heavy Metal x DVNO (WWW),6
2019-06,2019-06-29,Soulwax,Soulwax - Is it always binary,5
2019-06,2019-06-28,TOO MANY ZOOZ,TOO MANY ZOOZ - Brasshouse Vol 7 No 68,5
2019-07,2019-07-02,GIRLI,GIRLI - ASBOys,10
2019-07,2019-07-18,M.I.A.,M.I.A. - The Message,9
2019-07,2019-07-05,clipping.,clipping. - Body & Blood,7
2019-07,2019-07-04,Tzusing,Tzusing - 日出東方 唯我不敗,7
2019-07,2019-07-15,Slayer,Slayer - Divine Intervention,6
2019-07,2019-07-28,Dance With The Dead,Dance With The Dead - Andromeda,6
2019-07,2019-07-14,M.I.A.,M.I.A. - Ali R U OK?,6
2019-07,2019-07-18,M.I.A.,M.I.A. - Double Bubble Trouble,6
2019-07,2019-07-18,M.I.A.,M.I.A. - Born Free,6
2019-07,2019-07-31,Metronomy,Metronomy - You Could Easily Have Me,5
2019-08,2019-08-18,Los Bravos,Los Bravos - Bring A Little Lovin',11
2019-08,2019-08-17,Roy Head & The Traits,Roy Head & The Traits - Treat Her Right,10
2019-08,2019-08-19,Los Bravos,Los Bravos - Bring A Little Lovin',9
2019-08,2019-08-21,Los Bravos,Los Bravos - Bring A Little Lovin',7
2019-08,2019-08-27,M.I.A.,M.I.A. - Double Bubble Trouble,7
2019-08,2019-08-12,Portishead,Portishead - Machine Gun,6
2019-08,2019-08-22,Laibach,Laibach - Leben Heisst Leben,6
2019-08,2019-08-16,Dance With The Dead,Dance With The Dead - Andromeda,6
2019-08,2019-08-18,The Village Callers,The Village Callers - Hector,6
2019-08,2019-08-14,DUCKWRTH,DUCKWRTH - Start a Riot,5
2019-09,2019-09-26,Jasper Byrne,Jasper Byrne - Decade Dance - Game Mix,15
2019-09,2019-09-06,DJ Lag,DJ Lag - Portland,12
2019-09,2019-09-02,Radical G,Radical G - Here Comes The Storm - Kobosil 44 Terror Mix,11
2019-09,2019-09-05,Billy Joel,Billy Joel - We Didn't Start the Fire,10
2019-09,2019-09-19,Blanco Brown,Blanco Brown - The Git Up,9
2019-09,2019-09-03,Blue Cheer,Blue Cheer - Summertime Blues,7
2019-09,2019-09-03,King Gizzard & The Lizard Wizard,King Gizzard & The Lizard Wizard - Robot Stop,6
2019-09,2019-09-03,Nirvana,Nirvana - Where Did You Sleep Last Night,6
2019-09,2019-09-23,Takako Minekawa,Takako Minekawa - Fantastic Cat,5
2019-09,2019-09-28,Jasper Byrne,Jasper Byrne - Decade Dance - Game Mix,5
2019-10,2019-10-03,Carnage,Carnage - Toca (feat. Timmy Trumpet & KSHMR),14
2019-10,2019-10-28,Apashe,Apashe - Dies Irae feat. Black Prez,12
2019-10,2019-10-27,Sweet,Sweet - Fox on the Run - Single Version,11
2019-10,2019-10-28,The Knife,The Knife - Stay Out Here - Paula Temple Percussion Remix,11
2019-10,2019-10-23,Showtek,Showtek - Booyah - Radio Edit,8
2019-10,2019-10-27,Knife Party,Knife Party - Ghost Train,7
2019-10,2019-10-29,JOYRYDE,JOYRYDE - IM GONE,7
2019-10,2019-10-14,Justice,Justice - Genesis,7
2019-10,2019-10-15,Jimmy Urine,Jimmy Urine - Fighting With The Melody,7
2019-10,2019-10-25,Knife Party,Knife Party - Ghost Train,6
2019-11,2019-11-19,Emerson Lake & Palmer,Emerson Lake & Palmer - Karn Evil 9 1st Impression Pt. 2 - 2014 Remastered Version,13
2019-11,2019-11-27,Azealia Banks,Azealia Banks - 212,12
2019-11,2019-11-28,Azealia Banks,Azealia Banks - 212,12
2019-11,2019-11-26,Łąki Łan,Łąki Łan - Bombaj,10
2019-11,2019-11-05,Lorde,Lorde - Royals,10
2019-11,2019-11-18,Łąki Łan,Łąki Łan - Bombaj,9
2019-11,2019-11-24,Knife Party,Knife Party - Sleaze (feat. MistaJam),6
2019-11,2019-11-09,DJ Shadow,DJ Shadow - Nobody Speak,6
2019-11,2019-11-25,Miracle Musical,Miracle Musical - Black Rainbows,6
2019-11,2019-11-08,Lorn,Lorn - ACID RAIN,6
2019-12,2019-12-18,M.I.A.,M.I.A. - Come Walk with Me,21
2019-12,2019-12-04,Sparks,Sparks - This Town Ain't Big Enough For Both Of Us,16
2019-12,2019-12-09,Elton John,Elton John - Goodbye Yellow Brick Road - Remastered 2014,11
2019-12,2019-12-04,DJ Shadow,DJ Shadow - Rocket Fuel (feat. De La Soul),9
2019-12,2019-12-08,The Daniel Pemberton TV Orchestra,The Daniel Pemberton TV Orchestra - The Orb Of Dreamers,8
2019-12,2019-12-14,Emerson Lake & Palmer,Emerson Lake & Palmer - Karn Evil 9 1st Impression Pt. 2 - 2014 Remastered Version,8
2019-12,2019-12-23,Miracle Musical,Miracle Musical - Black Rainbows,8
2019-12,2019-12-06,Scream And Dance,Scream And Dance - In Rhythm - Extended Version,7
2019-12,2019-12-18,M.I.A.,M.I.A. - Bring the Noize,7
2019-12,2019-12-09,Rzabka,Rzabka - Rzeźnia,7
2020-01,2020-01-23,M¥SS KETA,M¥SS KETA - Le ragazze di Porta Venezia - Versione ferro e fuoco,23
2020-01,2020-01-24,M¥SS KETA,M¥SS KETA - Le ragazze di Porta Venezia - Versione ferro e fuoco,18
2020-01,2020-01-15,King Gizzard & The Lizard Wizard,King Gizzard & The Lizard Wizard - Robot Stop,14
2020-01,2020-01-13,The Shoes,The Shoes - America,12
2020-01,2020-01-06,Lords of Acid,Lords of Acid - The Crablouse - remastered,11
2020-01,2020-01-14,The Shoes,The Shoes - America,11
2020-01,2020-01-15,The Shoes,The Shoes - America,9
2020-01,2020-01-29,Gustavo Santaolalla,Gustavo Santaolalla - The Blinding Sun,9
2020-01,2020-01-03,Black Label Society,Black Label Society - Fire It Up,8
2020-01,2020-01-27,Skarby,Skarby - Co z Tobą Mała,8
2020-02,2020-02-18,Lightning Bolt,Lightning Bolt - Blow To The Head,11
2020-02,2020-02-10,Heilung,Heilung - Hamrer Hippyer,9
2020-02,2020-02-05,The Shoes,The Shoes - Drifted,9
2020-02,2020-02-19,Radical G,Radical G - Here Comes The Storm - Kobosil 44 Terror Mix,8
2020-02,2020-02-16,RAU,RAU - Wielkie Zło,7
2020-02,2020-02-19,Michael Klein,Michael Klein - Bite,6
2020-02,2020-02-15,Radical G,Radical G - Here Comes The Storm - Kobosil 44 Terror Mix,6
2020-02,2020-02-14,Radical G,Radical G - Here Comes The Storm - Kobosil 44 Terror Mix,6
2020-02,2020-02-06,The Soft Moon,The Soft Moon - Want,6
2020-02,2020-02-07,The Soft Moon,The Soft Moon - Want,5
2020-03,2020-03-06,PRO8L3M,PRO8L3M - Jak Disney,15
2020-03,2020-03-19,Modeselektor,Modeselektor - Who,10
2020-03,2020-03-13,HMLTD,HMLTD - Satan Luella & I,9
2020-03,2020-03-26,DEADCROW,DEADCROW - WEAPON SYSTEM,8
2020-03,2020-03-02,Mata,Mata - GOMBAO 33,8
2020-03,2020-03-25,DEADCROW,DEADCROW - WEAPON SYSTEM,8
2020-03,2020-03-05,PRO8L3M,PRO8L3M - Skrable,7
2020-03,2020-03-06,PRO8L3M,PRO8L3M - Skrable,7
2020-03,2020-03-05,PRO8L3M,PRO8L3M - Koło fortuny,6
2020-03,2020-03-10,King Gizzard & The Lizard Wizard,King Gizzard & The Lizard Wizard - Robot Stop,6
2020-04,2020-04-24,Osheyack,Osheyack - Hidden Teeth,17
2020-04,2020-04-17,Priest,Priest - Vaudeville,10
2020-04,2020-04-28,Crystal Castles,Crystal Castles - Enth,10
2020-04,2020-04-29,Crystal Castles,Crystal Castles - Enth,10
2020-04,2020-04-17,Tzusing,Tzusing - Esther,8
2020-04,2020-04-23,Big Black Delta,Big Black Delta - Summoner,8
2020-04,2020-04-30,Crystal Castles,Crystal Castles - Enth,7
2020-04,2020-04-04,King Crimson,King Crimson - The Court of the Crimson King,7
2020-04,2020-04-28,Intelligency,Intelligency - AUGUST,5
2020-04,2020-04-17,Hollywood Burns,Hollywood Burns - Scherzo No. 5 in Death Minor,5
2020-05,2020-05-13,Django Django,Django Django - Found You,12
2020-05,2020-05-29,Osheyack,Osheyack - Liar's Dividend,11
2020-05,2020-05-16,New World Sound,New World Sound - Flute - Radio Mix,10
2020-05,2020-05-08,Run the Jewels,Run the Jewels - Lie Cheat Steal,8
2020-05,2020-05-14,Django Django,Django Django - Found You,7
2020-05,2020-05-14,Crystal Castles,Crystal Castles - Enth,5
2020-05,2020-05-28,ZZT,ZZT - Zzafrika (Gesaffelstein remix),5
2020-05,2020-05-17,Y2K,Y2K - Lalala,5
2020-05,2020-05-22,DJ Lag,DJ Lag - Portland,5
2020-05,2020-05-16,Y2K,Y2K - Lalala,5
2020-06,2020-06-30,RAU PERFORMANCE,RAU PERFORMANCE - Niech mnie ktoś uszczypnie,24
2020-06,2020-06-18,TSURUDA,TSURUDA - Fubar,14
2020-06,2020-06-19,Afrojack,Afrojack - Turn Up The Speakers - Radio Edit,11
2020-06,2020-06-03,RAU,RAU - Bit forte,10
2020-06,2020-06-17,Giuseppe Verdi,Giuseppe Verdi - Dies irae,9
2020-06,2020-06-15,Lorde,Lorde - Royals,7
2020-06,2020-06-04,Tiësto,Tiësto - Split (Only U),7
2020-06,2020-06-04,Ten Typ Mes,Ten Typ Mes - Gazem,7
2020-06,2020-06-04,mlodyskiny,mlodyskiny - Dtf713,6
2020-06,2020-06-08,RAU,RAU - Bit forte,6
2020-07,2020-07-30,Jacuś,Jacuś - Excel,14
2020-07,2020-07-25,Wiwek,Wiwek - Best Of Me,9
2020-07,2020-07-24,Carpenter Brut,Carpenter Brut - Night Stalker (From The Rise of the Synths),8
2020-07,2020-07-10,Taco Hemingway,Taco Hemingway - Polskie tango,7
2020-07,2020-07-27,Botnek,Botnek - Waffle House,6
2020-07,2020-07-25,Vic Mensa,Vic Mensa - OMG,5
2020-07,2020-07-08,Watermät,Watermät - Bullit - Radio Edit,5
2020-07,2020-07-25,Botnek,Botnek - Waffle House,5
2020-07,2020-07-05,RAU PERFORMANCE,RAU PERFORMANCE - Niech mnie ktoś uszczypnie,4
2020-07,2020-07-01,RAU PERFORMANCE,RAU PERFORMANCE - Niech mnie ktoś uszczypnie,4
2020-08,2020-08-21,Kosa,Kosa - Clubber Thugger,11
2020-08,2020-08-21,Zebra Katz,Zebra Katz - SLEEPN,10
2020-08,2020-08-08,Major Lazer,Major Lazer - Get Free (feat. Amber Coffman),6
2020-08,2020-08-04,Carpenter Brut,Carpenter Brut - Maniac,6
2020-08,2020-08-21,西田和枝社中,西田和枝社中 - 傀儡謡_怨恨みて散る,5
2020-08,2020-08-21,Pine,Pine - KLĄTWA MIDASA,5
2020-08,2020-08-27,Carpenter Brut,Carpenter Brut - Night Stalker (From The Rise of the Synths),5
2020-08,2020-08-26,Pine,Pine - KLĄTWA MIDASA,4
2020-08,2020-08-28,Kalwi & Remi,Kalwi & Remi - Explosion,4
2020-08,2020-08-24,Boney M.,Boney M. - Painter Man,4
2020-09,2020-09-03,A$AP Rocky,A$AP Rocky - Praise the Lord (Da Shine) (feat. Skepta),13
2020-09,2020-09-01,Ricky Desktop,Ricky Desktop - The Banjo Beat Pt. 1,5
2020-09,2020-09-15,Styx,Styx - Renegade,5
2020-09,2020-09-01,Boney M.,Boney M. - Painter Man,4
2020-09,2020-09-03,P.A.F.F.,P.A.F.F. - Blacknite,4
2020-09,2020-09-02,P.A.F.F.,P.A.F.F. - Blacknite,4
2020-09,2020-09-02,Ty Segall,Ty Segall - Feel,4
2020-09,2020-09-07,Geek Music,Geek Music - Dragon Ball Super - Ultra Instinct -Goku's Theme,3
2020-09,2020-09-03,Anaal Nathrakh,Anaal Nathrakh - Forward!,3
2020-09,2020-09-16,Arcade Fire,Arcade Fire - Wake Up,3
2020-10,2020-10-08,Kyle Dixon & Michael Stein,Kyle Dixon & Michael Stein - Soldiers,8
2020-10,2020-10-15,David Cutter Music,David Cutter Music - Marimba,6
2020-10,2020-10-08,Kyle Dixon & Michael Stein,Kyle Dixon & Michael Stein - Levitation,5
2020-10,2020-10-18,Zebra Katz,Zebra Katz - SLEEPN,5
2020-10,2020-10-19,Zebra Katz,Zebra Katz - SLEEPN,5
2020-10,2020-10-06,King Gizzard & The Lizard Wizard,King Gizzard & The Lizard Wizard - Robot Stop,5
2020-10,2020-10-23,Azealia Banks,Azealia Banks - 212,4
2020-10,2020-10-31,JUTRØ,JUTRØ - Rytuał (voc. LINDA),4
2020-10,2020-10-15,The Notorious B.I.G.,The Notorious B.I.G. - Hypnotize - 2014 Remaster,4
2020-10,2020-10-16,The Notorious B.I.G.,The Notorious B.I.G. - Hypnotize - 2014 Remaster,4
2020-11,2020-11-05,Two Fingers,Two Fingers - Fight! Fight! Fight!,12
2020-11,2020-11-10,Style Of Eye & Magnus The Magnus,Style Of Eye & Magnus The Magnus - Antidote,11
2020-11,2020-11-22,CYRK DERIGLASOFF,CYRK DERIGLASOFF - Hej Panie!,7
2020-11,2020-11-13,Style Of Eye & Magnus The Magnus,Style Of Eye & Magnus The Magnus - Antidote,6
2020-11,2020-11-14,Style Of Eye & Magnus The Magnus,Style Of Eye & Magnus The Magnus - Antidote,6
2020-11,2020-11-02,JUTRØ,JUTRØ - Rytuał (voc. LINDA),5
2020-11,2020-11-06,Two Fingers,Two Fingers - Fight! Fight! Fight!,5
2020-11,2020-11-23,CYRK DERIGLASOFF,CYRK DERIGLASOFF - Hej Panie!,5
2020-11,2020-11-30,Aretha Franklin,Aretha Franklin - Respect,5
2020-11,2020-11-17,Mick Gordon,Mick Gordon - Rip & Tear,4
2020-12,2020-12-06,Goran Bregović,Goran Bregović - Ederlezi - BOF Le temps des gitans,20
2020-12,2020-12-04,Guzior,Guzior - FALA,18
2020-12,2020-12-07,Goran Bregović,Goran Bregović - Ederlezi - BOF Le temps des gitans,12
2020-12,2020-12-14,GLOOMCVLT,GLOOMCVLT - BANNED FROM LIVING,11
2020-12,2020-12-15,GLOOMCVLT,GLOOMCVLT - BANNED FROM LIVING,10
2020-12,2020-12-07,Genesis,Genesis - The Brazilian - 2007 Digital Remaster,8
2020-12,2020-12-06,Guzior,Guzior - FALA,6
2020-12,2020-12-08,Genesis,Genesis - The Brazilian - 2007 Digital Remaster,5
2020-12,2020-12-23,Sweet,Sweet - Fox on the Run - Single Version,4
2020-12,2020-12-30,Jackson and His Computer Band,Jackson and His Computer Band - Arp #1,4
2021-01,2021-01-14,Good Times Ahead,Good Times Ahead - Little Bit of This (feat. Vince Staples),12
2021-01,2021-01-14,A$AP Rocky,A$AP Rocky - Wild For The Night (feat. Skrillex & Birdy Nam Nam),11
2021-01,2021-01-13,Major Lazer,Major Lazer - Too Original (feat. Elliphant & Jovi Rockwell),11
2021-01,2021-01-29,Hiroyuki Sawano,Hiroyuki Sawano - XL-TT,10
2021-01,2021-01-28,Hiroyuki Sawano,Hiroyuki Sawano - XL-TT,9
2021-01,2021-01-18,Superorganism,Superorganism - SPRORGNSM,8
2021-01,2021-01-27,Hiroyuki Sawano,Hiroyuki Sawano - attack ON titan,8
2021-01,2021-01-26,Danny Elfman,Danny Elfman - M.I.B. Main Theme,7
2021-01,2021-01-27,Hiroyuki Sawano,Hiroyuki Sawano - XL-TT,7
2021-01,2021-01-14,Major Lazer,Major Lazer - Too Original (feat. Elliphant & Jovi Rockwell),5
2021-02,2021-02-01,Aperture Science Psychoacoustics Laboratory,Aperture Science Psychoacoustics Laboratory - The Friendly Faith Plate,15
2021-02,2021-02-08,Hiroyuki Sawano,Hiroyuki Sawano - Vogel im Kafig,13
2021-02,2021-02-09,Ren,Ren - Money Game Pt. 2,11
2021-02,2021-02-10,JUTRØ,JUTRØ - Penga,10
2021-02,2021-02-09,Hiroyuki Sawano,Hiroyuki Sawano - 2chiJou,8
2021-02,2021-02-15,Jukio Kozilek Kallio,Jukio Kozilek Kallio - Luftrauser,8
2021-02,2021-02-16,JUTRØ,JUTRØ - Penga,8
2021-02,2021-02-05,Aaron Smith,Aaron Smith - Dancin - Krono Remix,8
2021-02,2021-02-02,Aperture Science Psychoacoustics Laboratory,Aperture Science Psychoacoustics Laboratory - The Friendly Faith Plate,7
2021-02,2021-02-16,Jukio Kozilek Kallio,Jukio Kozilek Kallio - Luftrauser,7
2021-03,2021-03-25,Sleigh Bells,Sleigh Bells - Rill Rill,19
2021-03,2021-03-03,hleb,hleb - Свадебная,13
2021-03,2021-03-26,Sleigh Bells,Sleigh Bells - Rill Rill,12
2021-03,2021-03-18,Spiderbait,Spiderbait - Shazam!,9
2021-03,2021-03-11,Justice,Justice - Stress,9
2021-03,2021-03-25,Tove Lo,Tove Lo - Stay High - Habits Remix,9
2021-03,2021-03-06,Justice,Justice - Stress,6
2021-03,2021-03-11,Linkin Park,Linkin Park - By Myself,5
2021-03,2021-03-23,Dimitri Vegas & Like Mike,Dimitri Vegas & Like Mike - Beast (All as One),5
2021-03,2021-03-11,Justice,Justice - DVNO,5
2021-04,2021-04-07,slowthai,slowthai - CANCELLED (feat. Skepta),24
2021-04,2021-04-13,Run the Jewels,Run the Jewels - Love Again (Akinyele Back),17
2021-04,2021-04-13,Run the Jewels,Run the Jewels - All Due Respect,16
2021-04,2021-04-10,Ludwig Goransson,Ludwig Goransson - Trucks In Place,15
2021-04,2021-04-16,ODESZA,ODESZA - Meridian,13
2021-04,2021-04-02,Avenged Sevenfold,Avenged Sevenfold - Bat Country,13
2021-04,2021-04-27,Colin Stetson,Colin Stetson - Reborn,12
2021-04,2021-04-19,I Hate Models,I Hate Models - Daydream,12
2021-04,2021-04-20,I Hate Models,I Hate Models - Daydream,12
2021-04,2021-04-11,Ludwig Goransson,Ludwig Goransson - Trucks In Place,11
2021-05,2021-05-05,Big Black Delta,Big Black Delta - X22,21
2021-05,2021-05-06,Karl Flodin,Karl Flodin - Post Void Single,19
2021-05,2021-05-05,Big Black Delta,Big Black Delta - Put the Gun On the Floor,16
2021-05,2021-05-08,Holy Fuck,Holy Fuck - Tom Tom,11
2021-05,2021-05-05,Big Black Delta,Big Black Delta - IFUCKINGLOVEYOU,8
2021-05,2021-05-04,Big Black Delta,Big Black Delta - IFUCKINGLOVEYOU,8
2021-05,2021-05-14,Princess Chelsea,Princess Chelsea - The Cigarette Duet,8
2021-05,2021-05-11,Quintino,Quintino - Outbreak,7
2021-05,2021-05-06,Big Black Delta,Big Black Delta - X22,6
2021-05,2021-05-07,Karl Flodin,Karl Flodin - Post Void Single,5
2021-06,2021-06-18,MGMT,MGMT - Little Dark Age,14
2021-06,2021-06-25,W&W,W&W - Skydance,4
2021-06,2021-06-08,Justice,Justice - Genesis,4
2021-06,2021-06-03,Ludwig Goransson,Ludwig Goransson - Trucks In Place,4
2021-06,2021-06-18,MGMT,MGMT - She Works Out Too Much,3
2021-06,2021-06-02,Ludwig Goransson,Ludwig Goransson - Trucks In Place,3
2021-06,2021-06-24,Bracia Figo Fagot,Bracia Figo Fagot - Wóda Zryje Banię,3
2021-06,2021-06-12,Carpenter Brut,Carpenter Brut - Le Perv,3
2021-06,2021-06-06,King Gizzard & The Lizard Wizard,King Gizzard & The Lizard Wizard - Robot Stop,3
2021-06,2021-06-25,Armin van Buuren,Armin van Buuren - Jonson's Play,3
2021-07,2021-07-31,Geinoh Yamashirogumi,Geinoh Yamashirogumi - Kaneda - From Akira Symphonic Suite Original Motion Picture Soundtrack,7
2021-07,2021-07-28,Heilung,Heilung - Alfadhirhaiti,6
2021-07,2021-07-23,Bo Burnham,Bo Burnham - Bezos I,6
2021-07,2021-07-25,Styx,Styx - Come Sail Away,5
2021-07,2021-07-23,WaluśKraksaKryzys,WaluśKraksaKryzys - NaNoże,5
2021-07,2021-07-24,Bo Burnham,Bo Burnham - Bezos I,5
2021-07,2021-07-27,WaluśKraksaKryzys,WaluśKraksaKryzys - NaNoże,4
2021-07,2021-07-30,WaluśKraksaKryzys,WaluśKraksaKryzys - NaNoże,4
2021-07,2021-07-23,Bo Burnham,Bo Burnham - Problematic,3
2021-07,2021-07-23,Bo Burnham,Bo Burnham - 30,3
2021-08,2021-08-10,Ferdinand Dreyssig,Ferdinand Dreyssig - Coeur De La Nuit - Radio Edit,11
2021-08,2021-08-25,Ibranovski,Ibranovski - Vicious,8
2021-08,2021-08-02,Geinoh Yamashirogumi,Geinoh Yamashirogumi - Kaneda - From Akira Symphonic Suite Original Motion Picture Soundtrack,5
2021-08,2021-08-10,Beach House,Beach House - Space Song,5
2021-08,2021-08-17,Funkadelic,Funkadelic - Can You Get to That,5
2021-08,2021-08-24,Ibranovski,Ibranovski - Vicious,5
2021-08,2021-08-28,Ibranovski,Ibranovski - Vicious,4
2021-08,2021-08-12,Ferdinand Dreyssig,Ferdinand Dreyssig - Coeur De La Nuit - Radio Edit,4
2021-08,2021-08-28,Nine Inch Nails,Nine Inch Nails - Head Like a Hole,4
2021-08,2021-08-28,Ludwig Goransson,Ludwig Goransson - Trucks In Place,4
2021-09,2021-09-13,Blanck Mass,Blanck Mass - D7-D5,12
2021-09,2021-09-13,a-ha,a-ha - Manhattan Skyline,11
2021-09,2021-09-22,Karl Flodin,Karl Flodin - Post Void Single,6
2021-09,2021-09-13,Light Light,Light Light - Kilo,6
2021-09,2021-09-28,Django Django,Django Django - Found You,6
2021-09,2021-09-13,Joy Division,Joy Division - Warsaw - 2010 Remaster,5
2021-09,2021-09-14,a-ha,a-ha - Manhattan Skyline,5
2021-09,2021-09-13,The Stranglers,The Stranglers - Let Me Down Easy,5
2021-09,2021-09-13,Ween,Ween - It's Gonna Be A Long Night,5
2021-09,2021-09-13,The Voidz,The Voidz - Coul As A Ghoul,5
2021-10,2021-10-17,Sleigh Bells,Sleigh Bells - Rill Rill,11
2021-10,2021-10-18,Sleigh Bells,Sleigh Bells - Straight A's,9
2021-10,2021-10-04,Ludwig Goransson,Ludwig Goransson - Posterity,9
2021-10,2021-10-18,Sleigh Bells,Sleigh Bells - Rill Rill,8
2021-10,2021-10-19,Sleigh Bells,Sleigh Bells - Straight A's,8
2021-10,2021-10-05,Ludwig Goransson,Ludwig Goransson - Posterity,8
2021-10,2021-10-22,Panda Bear,Panda Bear - Boys Latin,7
2021-10,2021-10-05,Ludwig Goransson,Ludwig Goransson - RAINY NIGHT IN TALLINN,7
2021-10,2021-10-16,Sleigh Bells,Sleigh Bells - Rill Rill,7
2021-10,2021-10-19,Sleigh Bells,Sleigh Bells - Rill Rill,7
2021-11,2021-11-03,GLOOMCVLT,GLOOMCVLT - BANNED FROM LIVING,8
2021-11,2021-11-04,GLOOMCVLT,GLOOMCVLT - BANNED FROM LIVING,6
2021-11,2021-11-14,Metronomy,Metronomy - You Could Easily Have Me,5
2021-11,2021-11-04,Bobby Krlic,Bobby Krlic - Prophesy,4
2021-11,2021-11-03,Genesis,Genesis - The Brazilian - 2007 Digital Remaster,4
2021-11,2021-11-04,Genesis,Genesis - The Brazilian - 2007 Digital Remaster,4
2021-11,2021-11-06,Sleigh Bells,Sleigh Bells - Rill Rill,4
2021-11,2021-11-28,King Gizzard & The Lizard Wizard,King Gizzard & The Lizard Wizard - Venusian 2,3
2021-11,2021-11-02,Genesis,Genesis - The Brazilian - 2007 Digital Remaster,3
2021-11,2021-11-18,Metronomy,Metronomy - You Could Easily Have Me,3
2021-12,2021-12-14,Young Leosia,Young Leosia - JUNGLE GIRL,17
2021-12,2021-12-11,Nen,Nen - Hand Grenade (Don't Escape Remix),10
2021-12,2021-12-19,Kordhell,Kordhell - Live Another Day,7
2021-12,2021-12-23,UNKLE,UNKLE - Looking for the Rain,7
2021-12,2021-12-21,El Tigr3,El Tigr3 - She Swallowed Burning Coals,6
2021-12,2021-12-17,Young Leosia,Young Leosia - JUNGLE GIRL,4
2021-12,2021-12-16,Sofi Tukker,Sofi Tukker - Purple Hat,4
2021-12,2021-12-10,Avenged Sevenfold,Avenged Sevenfold - Bat Country,4
2021-12,2021-12-10,Genesis,Genesis - The Brazilian - 2007 Digital Remaster,4
2021-12,2021-12-12,gelowler,gelowler - Real One,4
2022-01,2022-01-02,Stuart Chatwood,Stuart Chatwood - Dark Mitochondria,17
2022-01,2022-01-02,Stuart Chatwood,Stuart Chatwood - The Senescence,15
2022-01,2022-01-02,Stuart Chatwood,Stuart Chatwood - The Chloroplast of Cosmarium,13
2022-01,2022-01-21,Osheyack,Osheyack - Saf E,11
2022-01,2022-01-02,Stuart Chatwood,Stuart Chatwood - All Things Must Come,10
2022-01,2022-01-11,Death Grips,Death Grips - Inanimate Sensation,10
2022-01,2022-01-02,Stuart Chatwood,Stuart Chatwood - The Blasted Heath,9
2022-01,2022-01-04,River Huxley,River Huxley - Creatures of the Night (Dark Disco Edit),8
2022-01,2022-01-05,NF,NF - The Search,7
2022-01,2022-01-23,Osheyack,Osheyack - Saf E,7
2022-02,2022-02-22,Lorn,Lorn - 555-5555,13
2022-02,2022-02-21,OutKast,OutKast - B.O.B. (Bombs Over Baghdad) - Zack de la Rocha Remix,10
2022-02,2022-02-16,Big Boi,Big Boi - All Night,5
2022-02,2022-02-06,Big Boi,Big Boi - Shutterbugg,5
2022-02,2022-02-15,Lilac Rust,Lilac Rust - Slappin',5
2022-02,2022-02-06,aamourocean,aamourocean - Ecchi,4
2022-02,2022-02-21,Manics,Manics - Git Wit Dis - original mix,4
2022-02,2022-02-21,Holy Fuck,Holy Fuck - Luxe,4
2022-02,2022-02-11,Run the Jewels,Run the Jewels - Lie Cheat Steal,4
2022-02,2022-02-04,Osheyack,Osheyack - Saf E,4
2022-03,2022-03-15,The Orion Experience,The Orion Experience - The Cult of Dionysus,10
2022-03,2022-03-15,Mother Mother,Mother Mother - Oh Ana,6
2022-03,2022-03-18,The Dø,The Dø - Keep Your Lips Sealed,5
2022-03,2022-03-20,John Powell,John Powell - Sid's Sing-a-Long,4
2022-03,2022-03-21,Jasper Byrne,Jasper Byrne - Decade Dance - Game Mix,4
2022-03,2022-03-19,The Orion Experience,The Orion Experience - The Cult of Dionysus,4
2022-03,2022-03-27,El Tigr3,El Tigr3 - She Swallowed Burning Coals,4
2022-03,2022-03-14,Nahash,Nahash - The Horns,4
2022-03,2022-03-15,The Dø,The Dø - Keep Your Lips Sealed,4
2022-03,2022-03-01,Run the Jewels,Run the Jewels - JU$T (feat. Pharrell Williams & Zack de la Rocha) - Toy Selectah Remix,4
2022-04,2022-04-15,µ-Ziq,µ-Ziq - Blakers Loop,6
2022-04,2022-04-25,St. Vincent,St. Vincent - Los Ageless,6
2022-04,2022-04-02,Jasper Byrne,Jasper Byrne - Decade Dance - Game Mix,5
2022-04,2022-04-08,El Tigr3,El Tigr3 - She Swallowed Burning Coals,5
2022-04,2022-04-29,The Orion Experience,The Orion Experience - The Cult of Dionysus,4
2022-04,2022-04-07,Ozric Tentacles,Ozric Tentacles - Sploosh!,4
2022-04,2022-04-22,Death Grips,Death Grips - Hustle Bones,4
2022-04,2022-04-28,The Orion Experience,The Orion Experience - The Cult of Dionysus,4
2022-04,2022-04-29,The Bug,The Bug - Fuck A Bitch,4
2022-04,2022-04-06,El Tigr3,El Tigr3 - She Swallowed Burning Coals,4
2022-05,2022-05-26,JPEGMAFIA,JPEGMAFIA - Real Nega,21
2022-05,2022-05-26,Kiki Hitomi,Kiki Hitomi - Yellow Story,9
2022-05,2022-05-26,Gesaffelstein,Gesaffelstein - Hyperion,9
2022-05,2022-05-26,Basement Jaxx,Basement Jaxx - Cish Cash,9
2022-05,2022-05-28,JPEGMAFIA,JPEGMAFIA - Real Nega,6
2022-05,2022-05-26,TTRRUUCES,TTRRUUCES - The Disco,6
2022-05,2022-05-26,machinegum,machinegum - Atomized,5
2022-05,2022-05-16,Death Grips,Death Grips - Blackjack,5
2022-05,2022-05-26,REZNYCK,REZNYCK - Ebolada,4
2022-05,2022-05-27,Kiki Hitomi,Kiki Hitomi - Yellow Story,4
2022-06,2022-06-01,Giuseppe Verdi,Giuseppe Verdi - Dies irae,8
2022-06,2022-06-04,Gesaffelstein,Gesaffelstein - Opr,7
2022-06,2022-06-24,The Pipes & Drums of Leanisch,The Pipes & Drums of Leanisch - Scottish Soldier,7
2022-06,2022-06-01,Gesaffelstein,Gesaffelstein - Opr,6
2022-06,2022-06-14,slowed + reverb tazzy,slowed + reverb tazzy - gimme gimme gimme - slowed + reverb,6
2022-06,2022-06-24,Honeymoan,Honeymoan - Too Much,5
2022-06,2022-06-24,GLOOMCVLT,GLOOMCVLT - BANNED FROM LIVING,5
2022-06,2022-06-24,Indecorum,Indecorum - Babushka,5
2022-06,2022-06-24,REZNYCK,REZNYCK - Ebolada,4
2022-06,2022-06-27,Leo,Leo - Sha-La-La-La-La (Metal Version),4
2022-07,2022-07-12,Perturbator,Perturbator - Ruin to Decay,10
2022-07,2022-07-11,Nelly Furtado,Nelly Furtado - Maneater,10
2022-07,2022-07-11,Perturbator,Perturbator - Ruin to Decay,8
2022-07,2022-07-05,Devin Townsend Project,Devin Townsend Project - Kingdom,7
2022-07,2022-07-08,Motoi Sakuraba,Motoi Sakuraba - Vordt of the Boreal Valley,6
2022-07,2022-07-14,Perturbator,Perturbator - Ruin to Decay,5
2022-07,2022-07-12,Nelly Furtado,Nelly Furtado - Maneater,5
2022-07,2022-07-22,The Pipes & Drums of Leanisch,The Pipes & Drums of Leanisch - Scottish Soldier,4
2022-07,2022-07-17,Billx,Billx - Chichovite,4
2022-07,2022-07-15,Nicolas de Ferran,Nicolas de Ferran - The Goddess of Destiny,4
2022-08,2022-08-19,Tyler the Creator,Tyler the Creator - See You Again (feat. Kali Uchis),11
2022-08,2022-08-28,Gesaffelstein,Gesaffelstein - Hyperion,10
2022-08,2022-08-24,Basement Jaxx,Basement Jaxx - Cish Cash,9
2022-08,2022-08-08,Foetus,Foetus - Wash It All Off,8
2022-08,2022-08-25,Ludwig Goransson,Ludwig Goransson - Trucks In Place,6
2022-08,2022-08-19,Mareux,Mareux - The Perfect Girl - The Motion Retrowave Remix,6
2022-08,2022-08-02,Big Black Delta,Big Black Delta - Capsize,6
2022-08,2022-08-23,Netherlands,Netherlands - The Moon Boy Swing,6
2022-08,2022-08-23,Netherlands,Netherlands - So Sick,5
2022-08,2022-08-30,Basement Jaxx,Basement Jaxx - Cish Cash,5
2022-09,2022-09-29,Tevvez,Tevvez - Sigma,12
2022-09,2022-09-19,Korban Baxter,Korban Baxter - Out of Her Head (Outerlude) [From the Film Possibly in Michigan],8
2022-09,2022-09-19,Kill the Noise,Kill the Noise - Dolphin On Wheels,8
2022-09,2022-09-23,Ghostface Playa,Ghostface Playa - Why Not,7
2022-09,2022-09-20,Big Black Delta,Big Black Delta - Capsize,6
2022-09,2022-09-19,Colm R. McGuinness,Colm R. McGuinness - Hoist the Colours,6
2022-09,2022-09-19,siouxxie sixxsta,siouxxie sixxsta - masquerade,6
2022-09,2022-09-16,Crystal Castles,Crystal Castles - Enth,6
2022-09,2022-09-16,Perturbator,Perturbator - Ruin to Decay,5
2022-09,2022-09-18,Crystal Castles,Crystal Castles - Enth,5
2022-10,2022-10-28,JPEGMAFIA,JPEGMAFIA - Free The Frail,10
2022-10,2022-10-13,Delinquent Habits,Delinquent Habits - Return of the Tres,10
2022-10,2022-10-30,JPEGMAFIA,JPEGMAFIA - Free The Frail,8
2022-10,2022-10-13,Slipknot,Slipknot - The Blister Exists,7
2022-10,2022-10-25,HMLTD,HMLTD - Satan Luella & I,7
2022-10,2022-10-30,MF DOOM,MF DOOM - Rapp Snitch Knishes feat. Mr. Fantastik,7
2022-10,2022-10-30,JPEGMAFIA,JPEGMAFIA - Real Nega,5
2022-10,2022-10-18,Osheyack,Osheyack - Saf E,5
2022-10,2022-10-24,HMLTD,HMLTD - Satan Luella & I,5
2022-10,2022-10-29,JPEGMAFIA,JPEGMAFIA - Free The Frail,5
2022-11,2022-11-18,King Geedorah,King Geedorah - Fazers,16
2022-11,2022-11-18,Jonny Greenwood,Jonny Greenwood - Proven Lands,9
2022-11,2022-11-11,Electric Light Orchestra,Electric Light Orchestra - Twilight,8
2022-11,2022-11-24,Navie D,Navie D - DSM-V,8
2022-11,2022-11-24,Navie D,Navie D - Canary,8
2022-11,2022-11-25,Navie D,Navie D - Canary,8
2022-11,2022-11-24,Navie D,Navie D - Cave Crawl,7
2022-11,2022-11-24,Navie D,Navie D - Sinkdrip,7
2022-11,2022-11-24,Navie D,Navie D - Stop and Watch,6
2022-11,2022-11-24,Navie D,Navie D - Scatterbrain,6
2022-12,2022-12-21,Darren Korb,Darren Korb - Out of Tartarus,6
2022-12,2022-12-20,Darren Korb,Darren Korb - Out of Tartarus,6
2022-12,2022-12-20,Deltron 3030,Deltron 3030 - 3030,5
2022-12,2022-12-21,Clark,Clark - Rainbow Voodoo,5
2022-12,2022-12-28,Key Glock,Key Glock - Gang Shit No Lame Shit,5
2022-12,2022-12-20,Kungs,Kungs - Clap Your Hands,5
2022-12,2022-12-02,Big Black Delta,Big Black Delta - Capsize,5
2022-12,2022-12-10,Osheyack,Osheyack - Saf E,4
2022-12,2022-12-16,The Trashmen,The Trashmen - Surfin' Bird,4
2022-12,2022-12-22,Clark,Clark - Rainbow Voodoo,4
2023-01,2023-01-13,Ennio Morricone,Ennio Morricone - Death Rides a Horse (Main Theme),17
2023-01,2023-01-30,MASTER BOOT RECORD,MASTER BOOT RECORD - IRQ 0 SYSTEM CLOCK,13
2023-01,2023-01-10,Flosstradamus,Flosstradamus - Don't Trip (feat. Run The Jewels & Sizzy Rocket),13
2023-01,2023-01-31,MASTER BOOT RECORD,MASTER BOOT RECORD - IRQ 0 SYSTEM CLOCK,12
2023-01,2023-01-02,Tyler the Creator,Tyler the Creator - I THINK,10
2023-01,2023-01-12,Navie D,Navie D - Pulse,10
2023-01,2023-01-14,Ennio Morricone,Ennio Morricone - Death Rides a Horse (Main Theme),9
2023-01,2023-01-23,Big Black Delta,Big Black Delta - RIPInPeace,8
2023-01,2023-01-14,Tame Impala,Tame Impala - Elephant,7
2023-01,2023-01-04,M83,M83 - Solitude - Felsmann + Tiley Reinterpretation,6
2023-02,2023-02-01,MASTER BOOT RECORD,MASTER BOOT RECORD - IRQ 0 SYSTEM CLOCK,4
2023-02,2023-02-03,MASTER BOOT RECORD,MASTER BOOT RECORD - IRQ 0 SYSTEM CLOCK,3
2023-02,2023-02-03,Ennio Morricone,Ennio Morricone - La resa,3
2023-02,2023-02-01,Big Black Delta,Big Black Delta - BR2,3
2023-02,2023-02-02,MASTER BOOT RECORD,MASTER BOOT RECORD - IRQ 0 SYSTEM CLOCK,3
2023-02,2023-02-01,Lorn,Lorn - ANVIL,3
2023-02,2023-02-01,Age Of Love,Age Of Love - The Age Of Love (Charlotte de Witte & Enrico Sangiuliano Remix),2
2023-02,2023-02-01,Carpenter Brut,Carpenter Brut - Turbo Killer,2
2023-02,2023-02-04,Metronomy,Metronomy - The Look,2
2023-02,2023-02-02,Tame Impala,Tame Impala - Half Full Glass of Wine,2
